variety,defect_type,length_mm,width_mm,aspect_ratio,area_mm2,circularity,solidity,eccentricity,rg_ratio,rb_ratio,gb_ratio,norm_s,quality_grade
swarna,whole,4.674,2.172,2.152,7.974,0.7648,0.9962,0.5374,1.066,1.2613,1.2748,0.163,Common
swarna,whole,4.336,2.309,1.878,7.861,0.6537,0.8967,0.4704,1.0945,1.1269,1.0765,0.1231,Grade A
swarna,whole,4.182,1.918,2.181,6.299,0.8466,0.9087,0.5436,1.0841,1.166,1.1473,0.1433,Grade A
swarna,whole,4.29,2.142,2.003,7.216,0.6398,1.0,0.5032,1.0792,1.1954,1.2294,0.1034,Grade A
swarna,chalky,4.035,2.239,1.802,7.097,0.7738,0.9286,0.4481,1.0731,1.2559,1.0913,0.1184,Common
swarna,chalky,4.62,1.847,2.501,6.704,0.7324,0.9007,0.6017,1.0394,1.3289,1.2419,0.1679,Common
swarna,broken,4.206,2.138,1.967,7.064,0.7331,0.9688,0.4942,1.0512,1.2651,1.1136,0.1041,Common
swarna,whole,4.475,2.401,1.864,8.437,0.7362,0.8877,0.4664,1.1017,1.403,1.1779,0.1869,Grade A
swarna,whole,4.53,2.14,2.117,7.615,0.7092,0.8206,0.5298,1.0668,1.3086,1.2687,0.1245,Grade A
swarna,chalky,4.217,2.1,2.008,6.954,0.7915,0.9364,0.5046,1.0482,1.3211,1.1858,0.1691,Rejected
swarna,whole,4.254,2.134,1.993,7.132,0.6608,0.8468,0.5008,1.0978,1.3009,1.1803,0.133,Grade A
swarna,foreign,4.38,2.04,2.148,7.016,0.6839,0.9402,0.5365,1.1932,1.294,1.1955,0.1378,Common
swarna,foreign,3.828,2.195,1.744,6.599,0.706,1.0,0.43,1.0685,1.3041,1.1779,0.1049,Common
swarna,whole,4.9,2.35,2.085,9.045,0.7791,0.8745,0.5226,1.1642,1.1679,1.2152,0.2057,Grade B
swarna,broken,4.153,2.087,1.99,6.807,0.71,0.8948,0.5001,0.987,1.2855,1.1163,0.1542,Common
swarna,whole,4.226,2.136,1.979,7.088,0.7814,0.8585,0.4972,1.0936,1.3846,1.0836,0.1455,Common
swarna,whole,4.591,2.356,1.948,8.496,0.5763,0.854,0.4894,1.1113,1.3038,1.195,0.1504,Grade A
swarna,whole,4.603,2.057,2.237,7.436,0.8866,0.9437,0.555,1.0085,1.3325,1.1215,0.1636,Grade B
swarna,foreign,4.837,2.283,2.119,8.672,0.7822,1.0,0.5303,1.0653,1.2197,1.1266,0.1155,Common
swarna,whole,4.597,2.365,1.943,8.54,0.7013,0.9927,0.4881,1.0641,1.4976,1.2175,0.1143,Grade A
swarna,damaged,4.125,2.296,1.796,7.44,0.6777,0.9557,0.4464,1.1084,1.2742,1.1292,0.0946,Common
swarna,damaged,4.575,1.951,2.345,7.01,0.7173,0.9393,0.5754,1.027,1.2923,1.1835,0.1057,Rejected
swarna,chalky,4.879,2.411,2.024,9.238,0.5622,0.8731,0.5083,1.1109,1.3211,1.2109,0.2556,Rejected
swarna,whole,4.834,2.33,2.074,8.847,0.6685,0.9579,0.5202,1.0336,1.2611,1.1509,0.1425,Grade A
swarna,whole,4.74,1.877,2.525,6.99,0.6528,0.9744,0.6055,1.0839,1.1938,1.1371,0.1604,Grade A
swarna,whole,4.516,2.07,2.182,7.341,0.9144,0.9517,0.5438,0.9585,1.2949,1.1403,0.1656,Grade A
swarna,broken,4.677,2.373,1.971,8.717,0.58,0.9033,0.4951,1.0515,1.2277,1.2859,0.1521,Grade B
swarna,whole,5.243,2.406,2.179,9.909,0.5481,0.8958,0.5431,1.156,1.2234,1.2066,0.1632,Grade A
swarna,whole,3.366,1.995,1.687,5.274,0.6747,0.8576,0.4107,1.1779,1.1656,1.1536,0.1439,Grade B
swarna,discolored,4.907,2.202,2.228,8.487,0.6018,0.9431,0.5533,1.0919,1.232,1.1842,0.1284,Rejected
swarna,whole,5.055,1.952,2.589,7.752,0.9133,0.8224,0.6153,1.0709,1.3271,1.1969,0.1213,Grade A
swarna,whole,4.294,2.37,1.812,7.992,0.7357,0.8854,0.4511,1.134,1.3046,1.2288,0.1589,Grade A
swarna,damaged,4.762,2.322,2.051,8.684,0.6979,0.9259,0.5147,1.1567,1.2327,1.2128,0.1339,Rejected
swarna,discolored,4.789,2.363,2.027,8.887,0.8305,0.9211,0.5091,1.1209,1.2552,1.1994,0.1361,Rejected
swarna,whole,4.214,2.618,1.609,8.666,0.5994,0.8593,0.3824,1.1495,1.3433,1.2174,0.1589,Grade A
swarna,whole,4.527,2.065,2.192,7.34,0.7975,0.9126,0.546,1.0305,1.2543,1.2048,0.1231,Grade A
swarna,chalky,4.586,2.099,2.185,7.558,0.6529,0.9316,0.5444,0.9931,1.1674,1.1369,0.1336,Rejected
swarna,broken,4.8,2.168,2.214,8.174,0.6981,0.8699,0.5504,1.0789,1.2569,1.1994,0.1152,Common
swarna,foreign,4.462,2.28,1.957,7.991,0.769,0.8999,0.4915,1.0934,1.281,1.1859,0.1168,Rejected
swarna,whole,5.008,2.392,2.094,9.408,0.9153,0.8816,0.5247,1.1323,1.2947,1.3114,0.1158,Grade A
swarna,broken,3.757,2.095,1.793,6.181,0.6241,0.9275,0.4455,1.1005,1.4301,1.237,0.1227,Grade B
swarna,whole,4.038,2.566,1.573,8.139,0.8179,0.8965,0.3685,0.9772,1.3883,1.1731,0.1771,Grade A
swarna,whole,4.502,2.209,2.038,7.812,0.655,0.9511,0.5116,1.0159,1.2686,1.1872,0.1554,Grade B
swarna,whole,3.963,2.456,1.614,7.643,0.7332,0.8826,0.3842,1.1731,1.2893,1.2508,0.142,Grade B
swarna,whole,4.413,2.394,1.843,8.298,0.7645,0.9884,0.4604,1.0221,1.3349,1.2435,0.0872,Grade A
swarna,whole,4.406,2.344,1.88,8.109,0.8502,0.9237,0.4709,1.1777,1.1696,1.0778,0.1383,Common
swarna,damaged,3.776,2.182,1.731,6.472,0.5696,0.9535,0.4255,1.102,1.2048,1.1492,0.1082,Rejected
swarna,whole,4.155,2.301,1.806,7.508,0.647,0.8804,0.4493,1.0736,1.1972,1.1468,0.1041,Grade B
swarna,whole,4.255,2.243,1.897,7.495,0.6888,0.909,0.4757,1.1169,1.3406,1.1482,0.1227,Grade A
swarna,whole,3.97,2.473,1.605,7.711,0.8645,0.9075,0.3808,1.1146,1.3049,1.3647,0.1736,Grade A
swarna,chalky,3.938,2.241,1.757,6.93,0.6244,0.8489,0.4342,1.0412,1.1935,1.2812,0.1664,Rejected
swarna,whole,4.527,2.028,2.233,7.21,0.8523,0.9469,0.5541,1.0178,1.2648,1.1275,0.0985,Grade B
swarna,whole,4.011,2.313,1.734,7.284,0.6349,0.8956,0.4267,1.0445,1.2109,1.1829,0.1151,Common
swarna,whole,4.416,2.018,2.188,7.001,0.6423,0.9578,0.545,1.1101,1.2018,1.186,0.1625,Grade A
swarna,whole,4.268,2.314,1.844,7.757,0.6237,0.8298,0.4607,0.9823,1.2838,1.1956,0.1129,Grade B
swarna,whole,4.477,1.958,2.287,6.884,0.6348,0.9224,0.5646,1.0284,1.2492,1.2404,0.1227,Grade B
swarna,discolored,4.685,2.488,1.883,9.157,0.4528,0.8802,0.4717,1.1146,1.2638,1.2023,0.1219,Common
swarna,whole,4.53,2.169,2.089,7.717,0.8168,0.9327,0.5235,1.1003,1.247,1.1507,0.127,Grade B
swarna,whole,4.601,2.615,1.76,9.451,0.7871,0.9037,0.4349,1.1521,1.2474,1.0577,0.1098,Grade A
swarna,whole,4.506,2.535,1.777,8.973,0.7327,0.909,0.4406,1.1298,1.1031,1.1941,0.1631,Common
swarna,whole,3.982,2.429,1.64,7.597,0.7338,0.8992,0.3938,1.118,1.4617,1.1909,0.1474,Grade A
swarna,whole,4.791,2.029,2.361,7.633,0.7072,0.8961,0.5783,1.1087,1.3067,1.2423,0.1247,Grade B
swarna,broken,4.406,2.004,2.198,6.935,0.6556,0.9389,0.5471,1.1254,1.2062,1.2322,0.1807,Common
swarna,whole,4.229,1.951,2.168,6.481,0.5221,0.9948,0.5408,1.1193,1.2756,1.1968,0.1062,Grade B
swarna,whole,4.538,2.345,1.935,8.359,0.7481,0.9312,0.4859,1.0326,1.3177,1.2929,0.1804,Grade B
swarna,chalky,4.154,2.175,1.91,7.095,0.7056,0.9747,0.4791,0.9785,1.4024,1.1705,0.1272,Common
swarna,whole,4.146,1.869,2.218,6.086,0.7823,0.9237,0.5512,1.0026,1.1764,1.1599,0.1901,Grade A
swarna,whole,4.414,2.145,2.057,7.438,0.4303,0.9173,0.5163,1.0661,1.3357,1.2909,0.1738,Grade B
swarna,whole,4.406,1.979,2.227,6.847,0.9573,0.923,0.5529,1.0808,1.2781,1.1919,0.1357,Grade A
swarna,whole,4.489,2.091,2.146,7.372,0.6287,0.9253,0.5362,1.0647,1.4003,1.0209,0.1727,Grade B
swarna,whole,4.38,2.126,2.061,7.313,0.5592,0.8811,0.517,1.0134,1.4202,1.2361,0.1781,Grade A
swarna,broken,4.753,1.974,2.407,7.369,0.6475,0.9445,0.5863,1.0067,1.337,1.1656,0.1288,Rejected
swarna,whole,4.374,2.432,1.798,8.354,0.5919,0.9508,0.447,1.1156,1.2552,1.1996,0.1025,Common
swarna,whole,4.317,2.41,1.791,8.171,0.6296,0.8496,0.4449,0.9866,1.3285,1.1032,0.1926,Grade A
swarna,whole,4.574,2.181,2.097,7.834,0.6455,0.94,0.5255,1.0777,1.3683,1.1869,0.1445,Grade A
swarna,whole,4.608,1.858,2.48,6.724,0.5652,0.9572,0.5984,1.0903,1.2653,1.1811,0.1504,Grade A
swarna,whole,4.569,2.004,2.279,7.192,0.7408,0.8349,0.5632,1.1417,1.3178,1.1954,0.1695,Grade B
swarna,whole,3.856,1.944,1.983,5.887,0.6375,0.9213,0.4983,1.1111,1.2219,1.1912,0.1173,Grade A
swarna,broken,4.177,1.93,2.165,6.33,0.6024,0.9727,0.5401,1.023,1.4906,1.2096,0.1455,Grade B
swarna,broken,4.299,2.224,1.932,7.51,0.956,0.9152,0.4852,1.149,1.2237,1.1779,0.1931,Common
swarna,discolored,4.748,2.088,2.274,7.784,0.7632,0.9686,0.5622,1.1173,1.1544,1.1364,0.1326,Common
swarna,broken,4.474,2.324,1.925,8.167,0.7178,0.8532,0.4832,1.1028,1.3288,1.2136,0.1724,Rejected
swarna,discolored,4.475,1.868,2.396,6.565,0.743,0.9304,0.5844,1.0963,1.1779,1.1151,0.1716,Rejected
swarna,whole,4.486,2.336,1.92,8.232,0.7028,0.9215,0.4819,1.1363,1.2387,1.1858,0.1261,Grade A
swarna,whole,4.578,2.104,2.175,7.566,0.8256,0.8753,0.5424,1.0688,1.2448,1.2668,0.1459,Grade B
swarna,damaged,4.593,2.378,1.932,8.579,0.7082,0.9733,0.485,1.049,1.3927,1.3179,0.1291,Rejected
swarna,whole,4.344,2.491,1.744,8.498,0.858,0.8939,0.4299,1.0548,1.2575,1.0993,0.1124,Grade A
swarna,whole,4.488,2.247,1.997,7.92,0.8551,0.8701,0.5018,1.1391,1.2629,1.177,0.1602,Grade A
swarna,chalky,4.558,2.298,1.983,8.229,0.7289,1.0,0.4983,1.0417,1.2375,1.1426,0.1233,Common
swarna,whole,4.997,2.086,2.396,8.186,0.6168,0.9436,0.5843,1.0469,1.3306,1.1922,0.0945,Grade B
swarna,whole,4.286,2.122,2.019,7.144,0.7286,0.9367,0.5072,1.1195,1.4408,1.1694,0.1161,Grade A
swarna,chalky,4.488,2.559,1.754,9.021,0.6482,0.9312,0.4331,1.079,1.3751,1.3316,0.1241,Common
swarna,broken,4.739,2.569,1.844,9.562,0.7584,0.902,0.4607,1.1154,1.3687,1.2292,0.1552,Common
swarna,chalky,4.984,2.33,2.139,9.119,0.6833,0.9273,0.5347,1.1524,1.2146,1.2021,0.1282,Rejected
swarna,broken,4.567,2.209,2.067,7.924,0.564,0.9573,0.5186,1.1187,1.4531,1.1615,0.1466,Common
swarna,whole,4.467,2.256,1.98,7.914,0.7608,0.9293,0.4975,1.0532,1.2955,1.2444,0.1092,Grade B
swarna,whole,4.918,1.895,2.595,7.321,0.6441,0.9389,0.6161,1.1739,1.2747,1.1467,0.1964,Common
swarna,broken,3.993,1.76,2.269,5.521,0.744,0.8949,0.5611,1.0187,1.3367,1.1946,0.1231,Grade B
swarna,damaged,4.728,2.18,2.168,8.095,0.8847,0.8665,0.541,0.9885,1.2246,1.1773,0.1473,Common
swarna,broken,4.062,2.489,1.632,7.94,0.6918,0.9759,0.391,1.1006,1.3165,1.2142,0.1534,Common
swarna,whole,4.569,2.342,1.951,8.403,0.691,0.992,0.49,1.0394,1.4241,1.1776,0.0971,Grade B
swarna,broken,4.794,2.069,2.317,7.792,0.6554,0.8255,0.5702,1.0529,1.0861,1.085,0.1628,Rejected
swarna,whole,4.162,2.19,1.9,7.159,0.6996,0.8621,0.4764,1.1702,1.3502,1.1667,0.1408,Grade A
swarna,whole,4.413,2.064,2.139,7.153,0.5998,0.9059,0.5346,1.1879,1.3313,1.1457,0.1572,Grade A
swarna,whole,4.99,2.385,2.092,9.346,0.706,0.8877,0.5243,1.1219,1.3115,1.2337,0.1591,Grade B
swarna,damaged,4.961,2.24,2.215,8.726,0.9075,0.8855,0.5506,1.1842,1.2958,1.1409,0.1255,Common
swarna,whole,4.683,2.085,2.246,7.67,0.6976,1.0,0.5567,1.1837,1.3149,1.1823,0.1436,Grade B
swarna,foreign,4.41,1.866,2.363,6.464,0.7399,0.9524,0.5786,1.051,1.4059,1.1065,0.0961,Common
swarna,whole,4.579,2.409,1.9,8.664,0.8684,0.8971,0.4765,1.1447,1.2769,1.1696,0.1665,Grade B
swarna,foreign,5.017,2.476,2.026,9.756,0.6374,0.9398,0.5089,1.1096,1.3009,1.147,0.1199,Common
swarna,whole,4.491,2.435,1.845,8.587,0.7544,0.9015,0.4608,1.1263,1.0521,1.2489,0.0878,Grade A
swarna,whole,4.047,2.432,1.664,7.73,0.6532,0.9373,0.4026,1.0772,1.3182,1.1846,0.1015,Grade B
swarna,chalky,3.955,2.114,1.871,6.568,0.8501,0.9625,0.4683,1.0591,1.2521,1.1607,0.2023,Rejected
swarna,whole,4.861,2.248,2.162,8.581,0.6741,0.9102,0.5397,1.0757,1.277,1.2237,0.1416,Grade A
swarna,whole,4.756,2.184,2.178,8.158,0.7079,0.8201,0.543,1.135,1.3077,1.2399,0.0531,Grade B
swarna,broken,4.888,1.992,2.454,7.647,0.7613,0.8673,0.5941,1.0426,1.4331,1.1686,0.1465,Rejected
swarna,whole,4.553,2.273,2.003,8.127,0.9403,0.9171,0.5032,1.0921,1.3641,1.2463,0.1756,Grade B
swarna,whole,5.072,1.971,2.574,7.85,0.7303,0.8823,0.6129,1.0762,1.3063,1.1993,0.1527,Grade B
swarna,chalky,4.415,2.393,1.845,8.296,0.8189,0.8586,0.4609,1.1158,1.3361,1.1621,0.1813,Common
swarna,whole,4.439,2.203,2.015,7.682,0.5904,0.848,0.5062,1.1757,1.2122,1.1205,0.0754,Grade A
swarna,whole,5.075,2.402,2.113,9.573,0.6312,1.0,0.5289,1.1389,1.254,1.03,0.2087,Grade A
swarna,discolored,4.014,1.871,2.145,5.898,0.8023,1.0,0.536,1.1631,1.3251,1.2157,0.1656,Common
swarna,whole,4.766,2.256,2.112,8.445,0.7104,0.9169,0.5288,1.0348,1.2575,1.0784,0.137,Grade A
swarna,whole,4.563,2.478,1.841,8.882,0.7918,0.8415,0.4598,1.0206,1.3553,1.1211,0.1333,Grade B
swarna,chalky,4.537,1.933,2.347,6.888,0.6399,0.936,0.5757,0.9844,1.3152,1.1788,0.1566,Rejected
swarna,whole,4.544,2.114,2.149,7.545,0.7122,0.9472,0.5369,1.0829,1.2832,1.1379,0.1201,Grade A
swarna,whole,4.065,2.061,1.972,6.581,0.6282,0.9647,0.4954,1.0623,1.3798,1.1396,0.1484,Grade A
swarna,whole,4.084,2.262,1.806,7.256,0.7634,0.9407,0.4492,1.0689,1.2696,1.1826,0.1356,Grade A
swarna,broken,4.305,1.926,2.235,6.512,0.6912,1.0,0.5546,1.0318,1.4111,1.2807,0.1234,Rejected
swarna,whole,4.699,2.526,1.861,9.322,0.6621,0.9098,0.4654,1.0451,1.1988,1.141,0.1033,Grade A
1010,foreign,5.894,1.72,3.427,7.961,0.7331,0.9617,0.709,1.0004,1.3499,1.2737,0.1237,Rejected
1010,whole,6.469,2.075,3.117,10.545,0.6295,0.9172,0.6802,1.1535,1.3261,1.2323,0.1324,Grade A
1010,foreign,5.756,1.837,3.133,8.305,0.6264,0.9818,0.6818,1.1855,1.3687,1.1345,0.1505,Rejected
1010,chalky,6.285,2.026,3.103,9.999,0.9319,0.9397,0.6788,1.1315,1.2953,1.208,0.1554,Rejected
1010,discolored,5.486,1.76,3.116,7.584,0.5164,0.9454,0.6801,1.0538,1.1478,1.2233,0.2348,Rejected
1010,whole,5.833,1.982,2.943,9.08,0.7919,0.9055,0.6613,1.136,1.3457,1.1599,0.1898,Grade A
1010,whole,6.015,1.838,3.272,8.684,0.7028,0.9195,0.6953,1.1852,1.358,1.1985,0.1845,Grade B
1010,foreign,5.804,1.764,3.291,8.041,0.5935,0.9047,0.697,1.0834,1.305,1.2034,0.1759,Rejected
1010,whole,5.826,1.644,3.543,7.524,0.6061,0.9128,0.7185,1.0474,1.368,1.2918,0.1966,Grade A
1010,whole,5.715,2.268,2.519,10.181,0.7149,0.9031,0.6046,1.0832,1.2958,1.1767,0.1651,Common
1010,whole,5.975,2.214,2.698,10.391,0.795,0.8458,0.6308,0.9668,1.3947,1.118,0.1533,Grade A
1010,whole,6.017,2.137,2.816,10.097,0.6423,0.7904,0.6461,1.0872,1.3513,1.1113,0.1655,Grade A
1010,whole,5.794,2.104,2.753,9.575,0.712,0.8713,0.6381,1.1918,1.3073,1.1984,0.132,Grade A
1010,broken,5.731,2.308,2.483,10.389,0.5628,0.8393,0.5989,1.2083,1.3033,1.1599,0.1912,Common
1010,whole,6.071,1.912,3.175,9.118,0.9157,0.8897,0.686,1.1645,1.3439,1.2781,0.2068,Grade A
1010,whole,5.984,1.878,3.186,8.826,0.9013,0.9268,0.6871,1.0981,1.3348,1.1192,0.1309,Grade B
1010,whole,5.381,2.097,2.567,8.861,0.8186,0.9559,0.6119,1.1798,1.2595,1.1147,0.205,Grade A
1010,whole,6.331,2.1,3.015,10.443,0.7456,1.0,0.6694,1.0814,1.3942,1.2034,0.1681,Grade B
1010,discolored,6.015,2.193,2.743,10.361,0.6635,0.878,0.6367,1.0573,1.1627,1.3234,0.1269,Common
1010,broken,5.711,1.95,2.929,8.748,0.7307,0.9608,0.6597,1.1716,1.2734,1.19,0.1685,Common
1010,chalky,5.996,2.132,2.812,10.042,0.7663,0.9787,0.6457,1.1309,1.2163,1.224,0.1405,Common
1010,broken,6.295,2.004,3.142,9.908,0.7309,1.0,0.6827,1.1344,1.5281,1.2339,0.1072,Rejected
1010,whole,6.316,2.121,2.978,10.522,0.6862,0.8588,0.6653,1.1075,1.252,1.1652,0.1777,Grade B
1010,discolored,5.322,2.08,2.558,8.694,0.8197,0.8895,0.6107,1.112,1.3212,1.1529,0.1794,Common
1010,whole,5.445,1.921,2.834,8.216,0.7722,0.9014,0.6484,1.2236,1.288,1.2135,0.188,Grade A
1010,whole,5.19,2.227,2.33,9.078,0.6448,1.0,0.5727,1.0861,1.3348,1.2925,0.2202,Grade B
1010,chalky,6.21,2.107,2.948,10.274,0.7778,0.8924,0.6619,1.0709,1.3197,1.1898,0.1464,Rejected
1010,whole,5.835,2.266,2.575,10.385,0.5858,0.9103,0.6132,1.077,1.1707,1.195,0.1563,Grade B
1010,whole,5.39,2.334,2.31,9.88,0.8221,0.9491,0.5689,1.1064,1.2432,1.1777,0.1927,Grade B
1010,damaged,5.604,1.798,3.116,7.916,0.7141,0.8316,0.6801,1.1394,1.3082,1.172,0.1122,Rejected
1010,broken,6.005,1.904,3.154,8.981,0.583,0.7764,0.6839,1.1183,1.4618,1.2997,0.1463,Grade B
1010,damaged,5.401,2.054,2.629,8.714,0.7766,0.9813,0.6211,1.114,1.3037,1.1473,0.1352,Common
1010,whole,6.165,1.855,3.323,8.985,0.8493,0.9064,0.7,1.1187,1.2602,1.0545,0.1865,Common
1010,whole,5.827,2.093,2.784,9.578,0.5437,0.8935,0.6421,1.1677,1.2197,1.2176,0.1193,Common
1010,damaged,5.154,2.21,2.332,8.944,0.6265,0.8795,0.5731,1.132,1.4119,1.1391,0.1619,Rejected
1010,whole,5.871,1.934,3.036,8.917,0.6172,0.9243,0.6717,1.0557,1.0863,1.2262,0.1871,Grade A
1010,whole,6.048,2.37,2.551,11.259,0.7021,0.8836,0.6096,1.109,1.43,1.1612,0.136,Grade A
1010,whole,5.849,2.292,2.551,10.531,0.7323,0.9074,0.6096,1.1025,1.1949,1.253,0.1577,Grade A
1010,whole,5.92,1.865,3.175,8.669,0.6574,0.9774,0.686,1.1268,1.2049,1.2552,0.14,Grade B
1010,damaged,5.621,2.231,2.52,9.848,0.7068,0.9626,0.6047,1.1491,1.2523,1.1614,0.1909,Rejected
1010,foreign,5.666,1.927,2.94,8.577,0.6045,0.9412,0.661,1.2438,1.2346,1.2015,0.2024,Rejected
1010,whole,5.375,2.077,2.588,8.769,0.6813,0.9693,0.6151,1.1912,1.5272,1.2348,0.1698,Grade B
1010,whole,5.935,1.947,3.049,9.075,0.7168,0.9859,0.6731,1.0596,1.4112,1.279,0.1565,Grade A
1010,whole,6.319,1.996,3.166,9.905,0.6001,0.8948,0.6851,1.1704,1.3637,1.1857,0.149,Grade A
1010,whole,6.446,1.942,3.319,9.832,0.8217,0.9961,0.6996,1.1799,1.2855,1.2242,0.1593,Grade A
1010,whole,5.328,2.214,2.407,9.264,0.6535,0.9301,0.5862,1.137,1.2993,1.2352,0.1458,Grade B
1010,chalky,5.851,2.349,2.491,10.794,0.6,0.8861,0.6001,1.1508,1.3344,1.221,0.1747,Rejected
1010,whole,5.964,1.957,3.048,9.165,0.7673,1.0,0.673,1.112,1.242,1.2664,0.1564,Grade A
1010,broken,5.586,1.984,2.816,8.703,0.7332,0.9295,0.6461,1.1626,1.2852,1.2308,0.1522,Rejected
1010,whole,5.426,2.195,2.471,9.356,0.6464,0.9604,0.597,1.142,1.4671,1.1866,0.1495,Grade A
1010,chalky,6.12,1.709,3.581,8.215,0.5946,0.8666,0.7215,1.177,1.4568,1.1937,0.1549,Common
1010,whole,5.828,2.209,2.638,10.112,0.6073,0.9319,0.6224,1.1785,1.3601,1.2114,0.19,Grade A
1010,whole,5.538,1.67,3.315,7.266,0.7511,0.9887,0.6993,1.1118,1.3962,1.2967,0.1994,Grade B
1010,broken,5.83,1.712,3.406,7.838,0.6754,0.8778,0.7073,1.2503,1.3059,1.2074,0.1765,Common
1010,foreign,5.551,2.035,2.728,8.872,0.6258,0.854,0.6347,1.0833,1.317,1.1742,0.1392,Common
1010,chalky,5.237,1.985,2.638,8.165,0.5495,0.958,0.6224,1.1249,1.2034,1.1814,0.1374,Rejected
1010,whole,5.05,2.021,2.499,8.015,0.684,0.9536,0.6014,1.1328,1.2598,1.1809,0.1361,Common
1010,whole,6.56,1.989,3.298,10.249,0.6292,0.8443,0.6977,1.0118,1.1933,1.216,0.1753,Grade A
1010,whole,5.607,2.026,2.767,8.923,0.8612,0.9648,0.6399,1.1039,1.2487,1.0709,0.1384,Grade A
1010,whole,5.747,2.014,2.854,9.091,0.6775,0.8875,0.6508,1.1301,1.3554,1.1346,0.2023,Grade A
1010,whole,6.083,2.042,2.979,9.756,0.7953,0.9344,0.6655,1.0833,1.3489,1.1314,0.1633,Grade A
1010,broken,5.749,1.661,3.46,7.501,0.6451,0.9246,0.7118,1.1296,1.2378,1.2759,0.134,Rejected
1010,chalky,5.542,2.32,2.389,10.095,0.5806,0.966,0.5832,1.18,1.2664,1.2835,0.1525,Rejected
1010,whole,5.746,2.146,2.678,9.685,0.7793,0.8326,0.6279,1.1983,1.187,1.262,0.1938,Grade A
1010,whole,5.358,1.961,2.732,8.253,0.6692,0.959,0.6353,1.1986,1.4317,1.1663,0.1537,Grade A
1010,whole,6.186,2.291,2.7,11.13,0.5766,0.8904,0.631,1.1184,1.3424,1.1514,0.1727,Grade A
1010,whole,6.019,2.001,3.008,9.459,0.6564,0.9145,0.6686,1.1147,1.2904,1.1845,0.208,Common
1010,whole,6.079,1.94,3.134,9.262,0.8173,0.9385,0.6819,1.1136,1.3558,1.1057,0.1262,Grade A
1010,whole,6.493,2.402,2.704,12.247,0.7638,0.945,0.6315,1.0119,1.2766,1.1527,0.1414,Grade A
1010,foreign,5.008,2.135,2.346,8.397,0.5927,0.932,0.5756,1.2444,1.2464,1.0482,0.1514,Rejected
1010,whole,6.24,2.353,2.653,11.53,0.577,0.9448,0.6244,1.0921,1.3115,1.3587,0.1149,Common
1010,whole,5.901,2.084,2.832,9.66,0.8086,0.9249,0.6481,1.1385,1.2887,1.2161,0.1497,Common
1010,broken,5.951,1.995,2.983,9.323,0.8126,0.9174,0.6659,1.0136,1.421,1.1457,0.1404,Common
1010,whole,4.946,2.565,1.928,9.963,0.8056,0.9312,0.4841,1.1167,1.3428,1.2313,0.1794,Common
1010,whole,5.721,1.973,2.9,8.864,0.6805,0.9767,0.6564,1.1556,1.0848,1.2394,0.1658,Grade A
1010,whole,6.25,2.171,2.879,10.654,0.6227,0.9404,0.6539,1.0617,1.2096,1.1624,0.1859,Common
1010,broken,6.181,2.092,2.954,10.158,0.7725,0.9458,0.6626,1.0815,1.3546,1.248,0.1826,Common
1010,whole,5.941,2.193,2.709,10.23,0.6973,0.8759,0.6323,1.1102,1.2604,1.1595,0.1557,Grade A
1010,whole,5.043,2.038,2.474,8.073,0.7001,0.8791,0.5974,1.1596,1.395,1.1035,0.1371,Grade A
1010,whole,6.132,1.965,3.12,9.464,0.6735,0.8198,0.6805,1.1581,1.2209,1.2036,0.1683,Grade B
1010,chalky,4.592,2.033,2.259,7.333,0.8801,0.9819,0.5592,1.1326,1.2807,1.2484,0.1308,Rejected
1010,whole,6.224,2.497,2.493,12.205,0.7392,0.8946,0.6005,1.1185,1.1785,1.1583,0.1477,Grade A
1010,whole,5.471,2.202,2.485,9.461,0.7,0.9195,0.5992,1.1003,1.3324,1.2495,0.134,Grade A
1010,whole,5.262,1.853,2.84,7.656,0.6524,0.9637,0.6492,1.1358,1.3355,1.2511,0.1559,Common
1010,foreign,5.906,1.895,3.117,8.791,0.4561,0.9133,0.6802,1.2054,1.3941,1.2579,0.1971,Rejected
1010,discolored,5.835,2.036,2.867,9.329,0.6382,0.9042,0.6524,1.1569,1.4163,1.1916,0.1465,Rejected
1010,chalky,5.222,1.587,3.291,6.508,0.6449,0.859,0.6971,1.0895,1.3082,1.1728,0.2036,Rejected
1010,whole,6.049,1.795,3.37,8.528,0.8039,0.9162,0.7041,1.1602,1.2343,1.1068,0.1845,Grade B
1010,whole,5.452,2.203,2.475,9.432,0.5811,1.0,0.5976,1.066,1.3711,1.1803,0.1781,Grade A
1010,whole,5.816,1.82,3.196,8.312,0.7741,0.8943,0.6881,1.1063,1.2405,1.0463,0.1543,Grade B
1010,whole,5.792,1.953,2.966,8.883,0.7022,0.9474,0.664,1.0492,1.4091,1.2429,0.1815,Common
1010,whole,6.069,2.107,2.881,10.041,0.6646,0.8913,0.6541,1.1261,1.4439,1.1257,0.116,Grade A
1010,whole,5.866,2.009,2.92,9.256,0.7173,0.9322,0.6587,1.1066,1.4392,1.1039,0.1351,Grade A
1010,whole,5.759,1.704,3.379,7.708,0.6824,1.0,0.7049,1.1213,1.3385,1.1244,0.1415,Grade A
1010,whole,6.313,2.1,3.005,10.414,0.5889,0.9323,0.6684,1.1499,1.4112,1.2948,0.1295,Grade A
1010,whole,5.706,2.084,2.738,9.34,0.7987,0.9162,0.6361,1.1008,1.3321,1.1499,0.2227,Common
1010,whole,5.157,2.033,2.536,8.235,0.9024,0.9203,0.6073,1.1086,1.2914,1.1892,0.2012,Grade A
1010,whole,5.23,1.952,2.68,8.019,0.6571,0.9494,0.6282,1.0241,1.357,1.3215,0.1191,Grade B
1010,broken,5.97,2.003,2.98,9.394,0.6359,0.9444,0.6656,1.2283,1.3047,1.2432,0.1212,Grade B
1010,broken,6.394,2.064,3.098,10.365,0.6687,0.92,0.6782,1.045,1.3684,1.2529,0.1464,Grade B
1010,foreign,5.625,1.988,2.829,8.784,0.91,0.9076,0.6478,1.0985,1.2682,1.2447,0.1546,Common
1010,whole,5.54,2.238,2.476,9.737,0.842,0.89,0.5977,1.008,1.4006,1.1589,0.1837,Grade A
1010,whole,5.316,2.132,2.494,8.899,0.7014,0.8723,0.6006,1.0956,1.3749,1.2064,0.1775,Grade B
1010,whole,6.447,2.019,3.193,10.222,0.6101,0.8535,0.6878,1.1087,1.3937,1.1923,0.2053,Grade A
1010,whole,5.299,2.065,2.566,8.596,0.7887,0.899,0.6117,0.9637,1.3359,1.2262,0.1721,Grade B
1010,whole,6.072,2.215,2.742,10.562,0.5221,0.936,0.6366,1.0897,1.3135,1.2209,0.1454,Grade A
1010,whole,5.53,2.006,2.756,8.713,0.5913,0.8657,0.6385,1.1608,1.2281,1.24,0.1739,Grade A
1010,whole,6.278,1.823,3.443,8.99,0.6536,0.9431,0.7104,1.167,1.2999,1.1641,0.2027,Grade B
1010,whole,5.834,1.855,3.146,8.498,0.617,0.9461,0.6831,1.1451,1.4321,1.239,0.1149,Grade B
1010,broken,5.646,2.045,2.761,9.069,0.8996,1.0,0.6391,1.1564,1.3053,1.2321,0.1866,Common
1010,whole,5.892,2.09,2.82,9.67,0.7666,0.9411,0.6466,1.1703,1.2706,1.1665,0.127,Common
1010,chalky,5.976,2.14,2.792,10.045,0.7458,1.0,0.6431,1.1197,1.3735,1.1345,0.1484,Rejected
1010,whole,5.682,1.987,2.86,8.868,0.5482,0.9021,0.6515,1.1734,1.366,1.23,0.1615,Grade A
1010,whole,6.08,2.076,2.929,9.912,0.7492,0.8937,0.6597,0.9908,1.4078,1.1713,0.1341,Common
1010,whole,6.224,2.111,2.948,10.319,0.7684,0.8517,0.662,1.1927,1.3409,1.1778,0.1643,Grade A
1010,broken,5.388,1.757,3.068,7.433,0.5478,0.9756,0.6751,1.0822,1.4427,1.1679,0.1088,Common
1010,broken,5.738,1.901,3.018,8.568,0.716,0.9451,0.6697,1.187,1.4359,1.1784,0.1202,Grade B
1010,broken,5.414,1.828,2.962,7.772,0.7344,0.9176,0.6636,1.122,1.2593,1.1862,0.1323,Common
1010,broken,5.062,1.833,2.762,7.286,0.5503,0.8875,0.6392,1.115,1.204,1.1447,0.1299,Rejected
1010,whole,5.511,2.032,2.712,8.795,0.6453,0.9064,0.6327,1.2204,1.4272,1.122,0.1849,Common
1010,discolored,6.125,1.793,3.415,8.626,0.7819,0.9969,0.708,1.0526,1.2466,1.2611,0.1681,Common
1010,whole,6.021,2.061,2.921,9.747,0.7391,0.8537,0.6588,1.1828,1.4136,1.1862,0.1587,Grade A
1010,whole,6.029,1.989,3.031,9.417,0.8124,0.9033,0.6712,1.1539,1.2384,1.1986,0.1548,Grade B
1010,broken,5.747,2.149,2.675,9.699,0.6563,0.8397,0.6275,1.225,1.4305,1.1225,0.1807,Grade B
1010,broken,5.918,1.958,3.023,9.099,0.6216,0.8855,0.6703,1.065,1.2535,1.196,0.1385,Common
1010,broken,5.568,2.043,2.725,8.935,0.75,0.9436,0.6344,1.1246,1.3794,1.2289,0.1229,Common
1010,damaged,5.495,2.007,2.738,8.661,0.7683,0.9095,0.6361,1.1844,1.5091,1.1528,0.1186,Rejected
1010,discolored,5.708,2.262,2.524,10.138,0.5661,0.9546,0.6053,1.0836,1.4576,1.3196,0.137,Common
1010,discolored,5.58,2.155,2.59,9.443,0.6613,0.9177,0.6153,1.1215,1.1664,1.1992,0.1393,Common
1010,chalky,5.603,2.26,2.479,9.944,0.5743,0.9607,0.5983,1.1033,1.2976,1.2474,0.1702,Rejected
1001,chalky,4.201,2.165,1.94,7.144,0.5915,0.8787,0.4872,1.2769,1.3996,1.1089,0.1103,Rejected
1001,whole,4.465,2.244,1.99,7.868,0.6875,0.9364,0.4999,1.1052,1.1225,1.1762,0.1245,Grade A
1001,whole,4.41,2.231,1.977,7.728,0.7922,0.9441,0.4967,1.1252,1.3485,1.3134,0.1161,Grade B
1001,whole,4.467,2.098,2.129,7.36,0.6583,0.9052,0.5325,1.1585,1.3735,1.1153,0.1516,Grade A
1001,whole,4.087,2.023,2.02,6.494,0.6783,0.9046,0.5074,1.2456,1.3346,1.1073,0.1331,Common
1001,whole,4.606,2.759,1.669,9.983,0.5414,0.826,0.4045,1.2123,1.3312,1.1379,0.166,Grade A
1001,broken,4.398,2.503,1.757,8.648,0.5986,0.9243,0.4341,1.0445,1.3204,1.1363,0.1378,Grade B
1001,whole,4.558,2.248,2.027,8.048,0.7038,0.8476,0.5091,1.082,1.296,1.3472,0.1166,Grade B
1001,whole,4.384,2.687,1.632,9.252,0.7372,0.9395,0.3909,1.0968,1.3979,1.2558,0.1312,Grade A
1001,foreign,4.06,2.286,1.776,7.289,0.8237,0.8971,0.4401,1.0974,1.3046,1.2409,0.0826,Common
1001,whole,4.118,2.346,1.755,7.589,0.82,0.8954,0.4334,0.9874,1.3496,1.1519,0.1143,Grade A
1001,chalky,4.119,1.815,2.269,5.87,0.7897,0.9837,0.5613,1.1391,1.209,1.1779,0.1498,Rejected
1001,whole,4.08,2.318,1.76,7.428,0.7457,0.9928,0.435,1.1423,1.3631,1.195,0.1923,Grade B
1001,whole,4.721,2.454,1.924,9.097,0.6557,0.896,0.483,1.1178,1.3371,1.2018,0.1593,Grade B
1001,whole,4.357,2.507,1.738,8.58,0.5967,0.9399,0.4279,1.2086,1.2826,1.1391,0.1304,Grade A
1001,chalky,4.189,1.991,2.104,6.549,0.7016,0.9651,0.527,1.0455,1.4215,1.2206,0.1809,Common
1001,whole,3.972,2.496,1.592,7.787,0.7172,0.9477,0.3756,1.0295,1.2284,1.2258,0.1215,Grade B
1001,whole,4.554,2.029,2.245,7.257,0.7552,0.9513,0.5565,1.0582,1.3466,1.2056,0.1338,Grade A
1001,damaged,4.405,1.956,2.252,6.766,0.7095,0.9068,0.558,1.1407,1.2758,1.1702,0.172,Rejected
1001,whole,4.401,2.37,1.857,8.19,0.7469,0.8432,0.4644,1.1454,1.349,1.129,0.1427,Grade A
1001,whole,4.4,2.615,1.683,9.037,0.8082,0.8544,0.4092,1.1373,1.4063,1.2132,0.1827,Grade B
1001,whole,4.375,2.53,1.729,8.693,0.7145,0.9212,0.425,1.0789,1.4251,1.1409,0.196,Grade B
1001,broken,4.41,1.838,2.4,6.367,0.7626,0.9643,0.585,1.0645,1.3099,1.3072,0.1348,Common
1001,whole,4.889,2.301,2.125,8.834,0.8011,0.9871,0.5316,1.0555,1.2612,1.2639,0.2006,Grade B
1001,foreign,4.896,2.183,2.243,8.395,0.6665,0.9371,0.5561,1.1932,1.3683,1.2149,0.1639,Rejected
1001,whole,3.541,2.235,1.585,6.215,0.7241,0.8624,0.3729,1.1232,1.2836,1.2953,0.1972,Grade A
1001,whole,4.278,2.201,1.944,7.394,0.7195,0.8821,0.4882,1.0322,1.3498,1.2278,0.1259,Grade B
1001,whole,4.376,2.48,1.764,8.525,0.6966,0.9427,0.4364,1.069,1.2843,1.1776,0.1276,Grade A
1001,whole,4.247,1.959,2.168,6.535,0.6509,0.9058,0.5408,1.0846,1.2807,1.1863,0.1644,Grade B
1001,whole,3.939,2.071,1.902,6.406,0.6513,0.9024,0.477,1.0538,1.1963,1.1626,0.1554,Grade B
1001,whole,4.176,2.096,1.992,6.875,0.6969,0.8776,0.5006,1.1344,1.1571,1.1684,0.159,Grade A
1001,whole,4.405,2.079,2.119,7.193,0.6905,0.8312,0.5302,1.0952,1.2334,1.2449,0.1335,Grade A
1001,chalky,4.822,2.229,2.163,8.442,0.8833,0.9607,0.5398,1.1289,1.3295,1.2136,0.0922,Rejected
1001,whole,4.216,2.486,1.696,8.232,0.6951,0.8497,0.4139,1.0969,1.4363,1.2648,0.1481,Common
1001,whole,3.789,2.097,1.807,6.239,0.8563,0.9063,0.4497,1.0854,1.276,1.3042,0.1988,Grade B
1001,whole,4.389,1.966,2.232,6.778,0.8477,0.8616,0.554,1.113,1.2122,1.1547,0.1249,Grade A
1001,whole,4.136,2.483,1.665,8.066,0.5895,0.931,0.4031,1.1731,1.2589,1.1469,0.1431,Grade B
1001,whole,4.141,2.406,1.721,7.826,0.5898,0.9541,0.4222,1.1245,1.2754,1.1397,0.1234,Common
1001,discolored,4.46,2.57,1.735,9.005,0.6363,0.9429,0.427,0.9748,1.2532,1.1881,0.1227,Common
1001,whole,4.019,2.153,1.867,6.796,0.7292,0.9106,0.4671,0.9657,1.1303,1.1536,0.1637,Grade A
1001,whole,4.142,2.605,1.59,8.476,0.6615,0.9391,0.3749,1.1085,1.1296,1.2361,0.1565,Grade A
1001,whole,3.675,2.679,1.371,7.733,0.6713,0.9344,0.2761,1.0973,1.2661,1.1558,0.1599,Grade A
1001,broken,4.175,2.051,2.035,6.727,0.655,0.9829,0.5111,1.0679,1.3287,1.1461,0.1727,Common
1001,foreign,4.247,2.447,1.736,8.163,0.7098,0.9848,0.4271,1.0569,1.3596,1.1783,0.1481,Rejected
1001,whole,4.265,2.347,1.817,7.863,0.8578,0.9693,0.4527,1.1521,1.2636,1.1366,0.1787,Common
1001,discolored,4.563,2.624,1.739,9.403,0.6396,0.9085,0.4282,1.0016,1.2686,1.2498,0.136,Common
1001,broken,4.492,2.258,1.989,7.967,0.7324,0.8626,0.4998,1.1051,1.0607,1.1788,0.1011,Common
1001,whole,4.44,2.635,1.685,9.187,0.6051,1.0,0.4101,1.1559,1.2811,1.2581,0.1168,Grade A
1001,whole,4.141,2.068,2.003,6.725,0.8223,0.9071,0.5032,1.1212,1.2544,1.0808,0.1581,Grade A
1001,chalky,3.89,2.737,1.421,8.362,0.7911,0.9253,0.3012,1.1758,1.2323,1.2226,0.156,Rejected
1001,whole,4.52,2.364,1.912,8.39,0.5345,0.872,0.4798,1.0926,1.3075,1.1222,0.2224,Common
1001,whole,4.755,2.432,1.955,9.084,0.7072,0.9094,0.491,1.0429,1.3062,1.2055,0.1127,Common
1001,whole,3.728,2.111,1.766,6.18,0.6586,1.0,0.437,1.1334,1.1932,1.2192,0.1036,Grade B
1001,chalky,4.272,2.592,1.648,8.695,0.5713,0.8501,0.397,1.065,1.3831,1.0988,0.065,Common
1001,whole,4.66,2.198,2.12,8.045,0.6589,0.9777,0.5305,0.9878,1.2689,1.2014,0.1635,Grade A
1001,whole,3.554,2.155,1.649,6.015,0.7454,0.8709,0.3972,1.1035,1.3357,1.1694,0.1551,Grade A
1001,chalky,4.483,2.335,1.92,8.22,0.6413,0.9312,0.482,1.1429,1.136,1.2595,0.1399,Rejected
1001,whole,3.888,2.144,1.814,6.548,0.6711,0.8808,0.4517,1.2041,1.2315,1.1567,0.1561,Grade A
1001,discolored,4.395,2.227,1.974,7.687,0.6907,0.8935,0.4959,1.0091,1.3257,1.2953,0.1506,Common
1001,broken,4.368,2.452,1.781,8.412,0.5731,1.0,0.4416,1.1121,1.4305,1.146,0.2045,Rejected
1001,chalky,4.37,2.245,1.946,7.707,0.8201,0.927,0.4888,0.982,1.2106,1.1788,0.1593,Rejected
1001,broken,3.715,2.332,1.593,6.802,0.5182,0.958,0.3762,1.0943,1.3336,1.1382,0.1884,Rejected
1001,discolored,4.261,2.428,1.755,8.124,0.6293,0.9628,0.4335,1.199,1.3856,1.1462,0.1608,Common
1001,broken,3.912,2.426,1.613,7.454,0.7451,0.8265,0.3837,1.0303,1.2773,1.1719,0.1137,Rejected
1001,discolored,4.242,2.134,1.988,7.108,0.8049,1.0,0.4995,1.071,1.251,1.2195,0.1393,Rejected
1001,foreign,3.727,2.59,1.439,7.582,0.7073,0.8994,0.3099,1.0946,1.297,1.0861,0.1948,Rejected
1001,chalky,4.585,2.075,2.209,7.474,0.7473,0.9066,0.5494,1.1508,1.1298,1.1841,0.1319,Rejected
1001,whole,4.088,2.143,1.907,6.881,0.6889,0.8752,0.4784,1.1505,1.2705,1.0156,0.1388,Grade A
1001,whole,3.929,2.324,1.69,7.171,0.8329,0.9357,0.4119,1.0636,1.3365,1.1625,0.1292,Grade A
1001,damaged,4.183,2.335,1.792,7.671,0.6903,0.8992,0.4449,1.0433,1.3487,1.111,0.1733,Rejected
1001,whole,3.999,2.134,1.874,6.705,0.5533,0.8949,0.4691,1.1585,1.3413,1.2487,0.1657,Grade A
1001,whole,4.066,2.593,1.568,8.28,0.5803,0.9647,0.3664,1.1536,1.4464,1.1654,0.1714,Grade B
1001,chalky,3.839,1.886,2.035,5.688,0.7713,0.8258,0.5111,1.0777,1.335,1.2011,0.1628,Rejected
1001,whole,4.014,2.151,1.866,6.782,0.6227,0.9615,0.467,1.154,1.3361,1.261,0.1147,Grade B
1001,whole,4.521,2.692,1.679,9.558,0.5343,0.8938,0.408,1.0559,1.3577,1.127,0.1727,Grade B
1001,whole,4.385,2.083,2.106,7.173,0.6153,0.9825,0.5273,1.1468,1.2969,1.1649,0.0892,Grade A
1001,whole,3.979,2.721,1.462,8.501,0.572,0.9295,0.3209,1.1604,1.1996,1.2011,0.1781,Grade A
1001,broken,3.799,2.533,1.5,7.558,0.6827,0.9586,0.3378,1.1265,1.2413,1.2037,0.0943,Rejected
1001,whole,4.492,2.533,1.773,8.935,0.7368,0.9274,0.4393,1.0471,1.243,1.2612,0.1931,Grade A
1001,whole,4.029,2.558,1.575,8.094,0.7665,1.0,0.369,1.0473,1.2698,1.2039,0.1694,Grade A
1001,whole,4.564,2.459,1.856,8.814,0.6084,0.9878,0.4642,1.1702,1.3107,1.1948,0.1666,Grade A
1001,whole,3.654,2.493,1.466,7.155,0.5439,0.9952,0.3225,1.0802,1.2831,1.1523,0.1414,Common
1001,broken,4.726,1.753,2.696,6.505,0.8277,0.9369,0.6305,1.0276,1.214,1.2906,0.1216,Common
1001,whole,4.402,2.094,2.102,7.238,0.7217,0.8687,0.5266,1.166,1.3849,1.2219,0.1608,Grade B
1001,whole,3.945,2.399,1.645,7.434,0.9086,0.8693,0.3957,1.0783,1.3333,1.1868,0.1205,Grade A
1001,broken,4.359,2.101,2.075,7.193,0.5451,0.9329,0.5203,1.1662,1.338,1.1899,0.1323,Grade B
1001,broken,4.574,1.96,2.334,7.041,0.859,0.9487,0.5733,1.184,1.1926,1.1081,0.1455,Common
1001,whole,4.512,2.247,2.008,7.961,0.5974,0.9815,0.5045,1.0421,1.4303,1.1729,0.1977,Common
1001,whole,4.144,2.225,1.863,7.242,0.7428,0.9239,0.466,1.0644,1.2867,1.1947,0.0861,Grade B
1001,chalky,3.954,1.929,2.05,5.99,0.5206,0.8522,0.5146,1.0575,1.4563,1.1584,0.1553,Rejected
1001,whole,4.42,2.329,1.898,8.085,0.6923,0.8602,0.4759,1.1871,1.4446,1.089,0.1193,Grade A
1001,whole,4.452,2.14,2.08,7.482,0.9165,0.9795,0.5216,1.1128,1.3822,1.2564,0.1331,Grade A
1001,whole,4.558,2.331,1.956,8.344,0.5423,0.8799,0.4913,1.0956,1.2939,1.3084,0.1084,Common
1001,whole,4.452,2.628,1.694,9.187,0.9271,0.8998,0.4132,1.1295,1.3456,1.2017,0.147,Common
1001,whole,4.431,1.743,2.542,6.065,0.7682,0.9263,0.6082,1.0867,1.4637,1.1495,0.1379,Grade B
1001,chalky,4.135,2.268,1.823,7.364,0.7841,0.9304,0.4546,1.0224,1.2574,1.1536,0.1477,Rejected
1001,whole,3.767,2.534,1.487,7.498,0.7253,0.9892,0.3318,1.1267,1.3881,1.218,0.1904,Common
1001,broken,4.982,2.496,1.996,9.764,0.7574,0.8562,0.5015,1.0227,1.3234,1.1987,0.1316,Common
1001,whole,4.509,2.049,2.2,7.256,0.6888,0.8798,0.5476,1.0767,1.2669,1.1613,0.1123,Grade A
1001,damaged,3.421,2.752,1.243,7.394,0.8089,0.9012,0.2021,1.1011,1.2063,1.2917,0.2069,Rejected
1001,whole,4.353,2.006,2.17,6.857,0.6588,0.9266,0.5413,1.0727,1.2825,1.1845,0.1476,Grade A
1001,whole,4.085,2.017,2.025,6.472,0.7978,0.8147,0.5086,1.1692,1.4109,1.1719,0.0719,Grade A
1001,whole,3.997,2.187,1.828,6.864,0.853,0.9532,0.4559,1.0445,1.1722,1.1704,0.1436,Grade B
1001,foreign,4.453,2.726,1.634,9.534,0.7816,0.9176,0.3917,1.089,1.2715,1.2608,0.1312,Common
1001,whole,4.314,2.311,1.866,7.83,0.6498,0.8514,0.467,1.1194,1.2951,1.22,0.134,Grade B
1001,whole,4.814,1.916,2.513,7.242,0.7435,0.9438,0.6036,1.0523,1.334,1.2668,0.0835,Grade A
1001,whole,4.01,2.658,1.509,8.373,0.6418,0.8613,0.3415,1.0881,1.4654,1.0801,0.1185,Grade B
1001,chalky,4.269,2.027,2.106,6.798,0.9096,0.9997,0.5273,1.1407,1.235,1.1871,0.1452,Rejected
1001,whole,4.564,2.063,2.212,7.395,0.8376,0.9357,0.55,1.1412,1.4173,1.1233,0.1489,Grade A
1001,whole,4.404,2.853,1.544,9.867,0.516,0.9184,0.3565,1.1384,1.3098,1.1832,0.111,Grade B
1001,chalky,3.643,2.563,1.421,7.333,0.7958,0.9226,0.3014,1.1137,1.3859,1.2035,0.1771,Rejected
1001,whole,4.396,2.343,1.877,8.089,0.573,0.9343,0.4699,1.0501,1.2489,1.1411,0.118,Grade B
1001,whole,4.876,2.031,2.401,7.778,0.7071,0.8553,0.5852,1.0583,1.2265,1.2644,0.1381,Grade B
1001,damaged,4.621,2.433,1.899,8.829,0.9304,0.846,0.4762,1.1756,1.3917,1.1316,0.1802,Common
1001,broken,4.401,2.25,1.956,7.777,0.6176,0.884,0.4913,1.223,1.3001,1.2369,0.1263,Common
1001,broken,3.895,2.209,1.764,6.757,0.7034,0.9256,0.4362,1.0893,1.3317,1.2316,0.172,Rejected
1001,whole,4.004,2.237,1.79,7.037,0.8195,0.9647,0.4443,1.0176,1.3281,1.0713,0.1514,Grade B
1001,broken,4.05,2.468,1.641,7.85,0.5457,0.8884,0.3942,1.1358,1.2493,1.1758,0.1723,Rejected
1001,whole,4.198,2.381,1.763,7.852,0.6876,0.9429,0.436,1.0702,1.2854,1.1306,0.1489,Grade A
1001,discolored,4.378,2.347,1.865,8.069,0.7783,0.8984,0.4668,1.1245,1.3441,1.2167,0.1252,Rejected
1001,whole,4.302,1.841,2.337,6.22,0.716,1.0,0.5739,1.0784,1.2418,1.2124,0.1594,Common
1001,broken,4.658,2.023,2.302,7.402,0.7731,0.9495,0.5675,1.0915,1.3271,1.2518,0.1762,Grade B
1001,chalky,4.281,2.316,1.848,7.786,0.7073,0.9125,0.4619,1.1715,1.2933,1.1228,0.1382,Rejected
1001,whole,4.481,2.113,2.121,7.436,0.9485,0.9332,0.5307,1.1765,1.2879,1.222,0.1752,Grade B
1001,whole,4.665,2.533,1.842,9.28,0.7872,0.9042,0.4601,1.0657,1.3266,1.246,0.1433,Common
1001,whole,4.62,2.62,1.763,9.504,0.6084,0.8782,0.4361,1.0916,1.3246,1.1585,0.1906,Grade A
1001,whole,4.427,2.309,1.918,8.028,0.5564,0.8542,0.4812,1.1169,1.1294,1.2508,0.1453,Grade A
1001,chalky,4.246,2.277,1.865,7.591,0.7996,1.0,0.4666,1.0017,1.1571,1.1527,0.1675,Rejected
1001,whole,3.94,1.79,2.201,5.541,0.7858,0.8786,0.5476,0.9789,1.3116,1.2376,0.1463,Grade A
1001,whole,4.189,2.003,2.091,6.591,0.6285,0.9461,0.524,1.1193,1.3134,1.1303,0.1446,Grade A
ganga_kaveri,broken,5.057,2.105,2.402,8.362,0.6414,0.9365,0.5855,1.1652,1.2341,1.1285,0.0709,Common
ganga_kaveri,damaged,4.689,2.396,1.957,8.822,0.7322,0.9194,0.4917,1.0412,1.3359,1.1835,0.1305,Common
ganga_kaveri,whole,4.288,2.661,1.612,8.96,0.7665,0.8924,0.3833,1.1501,1.2302,1.1231,0.1072,Grade A
ganga_kaveri,whole,4.033,2.494,1.617,7.901,0.5169,0.8586,0.3854,0.9655,1.2631,1.161,0.1202,Grade A
ganga_kaveri,whole,4.749,2.29,2.074,8.54,0.7316,0.8757,0.5201,1.1009,1.3743,1.2052,0.1176,Common
ganga_kaveri,whole,4.603,2.335,1.971,8.44,0.6836,0.9306,0.4953,1.0304,1.1887,1.0867,0.082,Grade A
ganga_kaveri,whole,4.314,2.503,1.724,8.48,0.7035,0.8216,0.4232,1.1293,1.3349,1.1104,0.1426,Grade A
ganga_kaveri,foreign,4.195,2.041,2.055,6.726,0.6617,0.9138,0.5158,1.0661,1.1753,1.146,0.1381,Common
ganga_kaveri,whole,4.386,2.634,1.665,9.074,0.5824,0.9444,0.4029,1.1609,1.3085,1.1578,0.1142,Grade B
ganga_kaveri,whole,4.29,2.32,1.849,7.818,0.8238,0.939,0.4619,1.0319,1.2452,1.1331,0.1087,Grade B
ganga_kaveri,whole,5.115,2.566,1.994,10.307,0.8091,0.8969,0.5009,1.081,1.1553,1.1385,0.1448,Common
ganga_kaveri,whole,5.015,2.179,2.302,8.58,0.6634,0.9124,0.5674,1.0063,1.3173,1.1266,0.1241,Grade A
ganga_kaveri,whole,4.598,2.357,1.951,8.511,0.6628,0.8836,0.49,1.1092,1.4023,1.1784,0.1599,Grade A
ganga_kaveri,broken,4.249,2.105,2.019,7.023,0.6261,0.9796,0.5071,1.147,1.2894,1.078,0.1241,Rejected
ganga_kaveri,broken,4.01,2.222,1.805,6.998,0.6936,0.9468,0.449,0.9582,1.257,1.1786,0.1555,Rejected
ganga_kaveri,whole,4.344,2.018,2.152,6.886,0.6607,0.9701,0.5375,1.1736,1.3268,1.1958,0.1414,Grade A
ganga_kaveri,whole,5.134,2.211,2.322,8.917,0.8615,0.9039,0.5711,1.1695,1.1575,1.2052,0.1079,Grade A
ganga_kaveri,whole,4.923,2.231,2.207,8.626,0.5501,0.9154,0.5489,1.0848,1.3139,1.227,0.1282,Grade B
ganga_kaveri,broken,4.489,2.078,2.161,7.325,0.6737,0.9032,0.5393,1.1476,1.307,1.0992,0.1352,Common
ganga_kaveri,chalky,4.884,2.552,1.914,9.79,0.706,0.9394,0.4802,1.165,1.1634,1.149,0.1068,Rejected
ganga_kaveri,whole,4.409,1.922,2.294,6.655,0.6588,0.9657,0.566,1.1223,1.3043,1.1532,0.0916,Grade B
ganga_kaveri,broken,5.299,2.514,2.108,10.463,0.6419,0.8894,0.5278,1.0844,1.2508,1.237,0.1356,Common
ganga_kaveri,whole,4.616,2.554,1.807,9.258,0.6392,0.9382,0.4498,1.1087,1.1188,1.2909,0.1687,Grade A
ganga_kaveri,whole,4.711,2.417,1.949,8.945,0.7356,0.9296,0.4895,1.1204,1.3858,1.2041,0.0985,Grade B
ganga_kaveri,whole,5.609,2.175,2.578,9.582,0.7243,0.8159,0.6137,1.1232,1.2261,1.2854,0.1068,Grade A
ganga_kaveri,whole,3.968,2.55,1.556,7.947,0.4935,0.9214,0.3614,0.9653,1.2444,1.2686,0.1408,Grade A
ganga_kaveri,whole,4.606,2.495,1.846,9.024,0.5633,0.9496,0.4613,0.9277,1.2196,1.1407,0.149,Grade A
ganga_kaveri,whole,4.285,2.44,1.756,8.21,0.6921,0.891,0.4338,1.0611,1.3257,1.1389,0.1274,Grade B
ganga_kaveri,whole,4.007,2.557,1.567,8.047,0.6321,0.9041,0.366,1.0431,1.2492,1.2659,0.1541,Grade B
ganga_kaveri,discolored,4.232,1.832,2.31,6.089,0.6191,0.9678,0.5689,1.121,1.2523,1.1687,0.1093,Rejected
ganga_kaveri,whole,4.083,2.46,1.66,7.888,0.7932,0.8992,0.4011,1.132,1.4952,1.1637,0.1418,Grade A
ganga_kaveri,whole,4.747,2.439,1.946,9.094,0.598,0.9303,0.4889,1.1777,1.3059,1.2277,0.1229,Common
ganga_kaveri,whole,4.296,2.464,1.744,8.312,0.6008,0.8884,0.4297,1.1014,1.2938,1.0986,0.1616,Grade B
ganga_kaveri,whole,4.108,2.371,1.733,7.65,0.6554,0.9257,0.4261,1.0682,1.1094,1.1467,0.1208,Grade B
ganga_kaveri,whole,5.137,2.018,2.546,8.141,0.8311,0.9088,0.6088,1.1416,1.2764,1.2384,0.1184,Common
ganga_kaveri,broken,4.248,2.684,1.583,8.956,0.6887,0.9311,0.3722,1.1641,1.1874,1.2057,0.1123,Grade B
ganga_kaveri,damaged,4.12,2.244,1.836,7.262,0.8351,0.9643,0.4582,1.0862,1.2894,1.1523,0.1707,Common
ganga_kaveri,whole,4.967,2.245,2.213,8.756,0.8559,0.8435,0.5501,1.1878,1.2402,1.1554,0.0733,Grade A
ganga_kaveri,broken,4.406,2.373,1.857,8.209,0.7958,0.9304,0.4644,1.1085,1.1824,1.1172,0.184,Common
ganga_kaveri,whole,4.522,2.4,1.884,8.526,0.807,0.9836,0.472,1.0834,1.2389,1.1666,0.1401,Common
ganga_kaveri,broken,4.798,2.728,1.759,10.279,0.7381,0.9356,0.4347,0.9989,1.0595,1.1933,0.1272,Grade B
ganga_kaveri,whole,4.581,2.626,1.745,9.446,0.7086,0.8827,0.4301,1.1494,1.2526,1.2016,0.1157,Grade A
ganga_kaveri,whole,4.604,2.496,1.845,9.026,0.6731,0.8282,0.4608,1.064,1.3335,1.1522,0.1226,Grade B
ganga_kaveri,whole,4.106,2.368,1.734,7.637,0.6516,0.8717,0.4267,1.0795,1.3093,1.1694,0.1392,Common
ganga_kaveri,whole,5.18,2.331,2.222,9.486,0.7278,0.8945,0.552,1.0392,1.2232,1.1413,0.1408,Grade B
ganga_kaveri,damaged,4.467,2.387,1.871,8.375,0.7396,0.9332,0.4684,1.167,1.0759,1.0268,0.1151,Rejected
ganga_kaveri,whole,4.951,2.087,2.373,8.115,0.3992,0.9486,0.5803,1.1046,1.1828,1.1109,0.1009,Common
ganga_kaveri,foreign,4.635,2.275,2.038,8.281,0.7494,0.7773,0.5117,1.0386,1.1799,1.1546,0.1139,Rejected
ganga_kaveri,whole,4.855,2.028,2.394,7.734,0.7045,0.9479,0.584,1.2014,1.2315,1.1895,0.0759,Grade A
ganga_kaveri,whole,4.598,2.636,1.745,9.519,0.5627,0.946,0.4301,1.2021,1.3036,1.1866,0.1303,Grade A
ganga_kaveri,whole,4.405,2.501,1.761,8.651,0.5437,0.861,0.4354,1.1761,1.2422,1.2572,0.1277,Grade A
ganga_kaveri,whole,4.411,2.54,1.737,8.799,0.7025,0.8428,0.4276,1.0999,1.4457,1.1996,0.1283,Common
ganga_kaveri,whole,4.667,2.182,2.139,7.997,0.7234,0.9718,0.5347,1.0398,1.384,1.1645,0.1034,Common
ganga_kaveri,broken,4.843,2.342,2.068,8.907,0.694,0.9447,0.5188,1.1075,1.1104,1.1027,0.1579,Grade B
ganga_kaveri,foreign,4.558,2.295,1.986,8.216,0.5641,0.866,0.4989,0.9687,1.2619,1.1341,0.101,Rejected
ganga_kaveri,whole,5.27,2.098,2.512,8.682,0.8159,0.9687,0.6035,1.0433,1.2863,1.1425,0.1356,Grade B
ganga_kaveri,whole,4.763,2.314,2.058,8.656,0.5516,0.9096,0.5165,1.1624,1.1478,1.1067,0.1338,Grade A
ganga_kaveri,whole,4.464,2.127,2.099,7.458,0.6026,0.9552,0.5259,1.0116,1.1422,1.1322,0.152,Grade A
ganga_kaveri,whole,4.614,2.051,2.25,7.432,0.7495,0.9392,0.5575,1.0654,1.3505,1.1024,0.1638,Grade B
ganga_kaveri,whole,4.594,2.379,1.931,8.581,0.822,0.8662,0.4849,1.0442,1.3529,1.1343,0.157,Grade B
ganga_kaveri,whole,4.818,2.169,2.221,8.209,0.7755,0.93,0.5518,1.1184,1.2184,1.0703,0.1451,Grade A
ganga_kaveri,whole,4.901,2.438,2.01,9.386,0.8948,0.9713,0.505,1.0508,1.2722,1.1672,0.0825,Grade A
ganga_kaveri,chalky,3.948,2.409,1.639,7.472,0.6751,0.8364,0.3935,1.1143,1.3273,1.1836,0.1203,Rejected
ganga_kaveri,whole,4.698,2.235,2.102,8.248,0.7277,0.9798,0.5265,1.0542,1.4378,1.1385,0.131,Grade A
ganga_kaveri,whole,4.042,2.291,1.765,7.273,0.5908,0.9268,0.4365,1.1497,1.3217,1.0277,0.1913,Grade B
ganga_kaveri,discolored,4.65,2.435,1.91,8.894,0.6333,0.9299,0.4791,1.0536,1.2377,1.1288,0.087,Rejected
ganga_kaveri,discolored,4.765,2.564,1.858,9.595,0.7324,0.8934,0.4648,1.1404,1.1614,1.116,0.1011,Common
ganga_kaveri,whole,4.946,2.589,1.911,10.055,0.7487,0.9736,0.4793,1.0372,1.2979,1.1625,0.1554,Grade A
ganga_kaveri,whole,4.773,2.575,1.853,9.654,0.6332,0.9169,0.4634,1.0265,1.0702,1.182,0.1483,Grade A
ganga_kaveri,whole,4.488,1.956,2.294,6.895,0.837,0.8657,0.566,1.1653,1.3457,1.116,0.096,Grade B
ganga_kaveri,whole,4.633,2.303,2.011,8.381,0.5219,0.8085,0.5053,1.1036,1.2251,1.1368,0.1509,Grade B
ganga_kaveri,whole,4.491,2.5,1.796,8.818,0.5643,0.9312,0.4464,1.1231,1.3244,1.0538,0.1072,Grade A
ganga_kaveri,whole,4.754,2.699,1.761,10.078,0.6505,0.8951,0.4354,1.159,1.2937,1.2461,0.1387,Grade A
ganga_kaveri,whole,4.104,2.532,1.62,8.162,0.8189,1.0,0.3867,1.1406,1.363,1.1352,0.0953,Grade A
ganga_kaveri,broken,4.872,2.484,1.962,9.503,0.7107,0.9394,0.4928,1.1094,1.3727,1.2477,0.1463,Rejected
ganga_kaveri,whole,4.452,2.551,1.745,8.922,0.5606,0.9727,0.4302,1.0183,1.2929,1.1193,0.1466,Grade A
ganga_kaveri,broken,4.735,2.284,2.073,8.495,0.7881,0.9201,0.5198,1.1137,1.1934,1.1346,0.1162,Common
ganga_kaveri,discolored,4.342,2.615,1.66,8.92,0.483,0.8603,0.4013,1.0325,1.1618,1.075,0.1424,Common
ganga_kaveri,whole,4.821,2.453,1.965,9.288,0.7658,0.9165,0.4937,1.0188,1.3546,1.1347,0.1019,Grade A
ganga_kaveri,broken,4.543,2.217,2.049,7.912,0.6583,0.9372,0.5143,1.1109,1.1982,1.1407,0.1622,Common
ganga_kaveri,chalky,4.978,2.629,1.893,10.277,0.5612,0.9582,0.4746,1.0868,1.2259,1.1801,0.1584,Rejected
ganga_kaveri,whole,4.76,2.224,2.14,8.316,0.7742,0.8881,0.5349,1.103,1.2457,1.1569,0.153,Grade A
ganga_kaveri,whole,4.017,2.28,1.762,7.195,0.737,0.9492,0.4355,1.084,1.2654,1.1946,0.1231,Grade B
ganga_kaveri,broken,4.879,2.207,2.211,8.457,0.6921,0.905,0.5498,1.0297,1.2988,1.1377,0.1497,Common
ganga_kaveri,whole,4.313,2.444,1.765,8.279,0.7792,0.8915,0.4366,1.1411,1.1717,1.2571,0.1304,Common
ganga_kaveri,whole,4.409,2.34,1.884,8.104,0.7809,0.8908,0.4721,1.045,1.2523,1.0994,0.1846,Common
ganga_kaveri,broken,4.419,2.566,1.722,8.906,0.7209,0.8708,0.4226,1.0896,1.3327,1.1587,0.1658,Common
ganga_kaveri,chalky,4.453,2.184,2.039,7.638,0.6386,0.9298,0.5119,1.1227,1.0963,1.1695,0.1347,Rejected
ganga_kaveri,whole,4.735,2.662,1.779,9.9,0.6784,0.9669,0.4409,1.1881,1.3749,1.1045,0.1224,Grade A
ganga_kaveri,whole,4.49,2.498,1.797,8.808,0.7686,0.8781,0.4467,1.0941,1.1084,1.2565,0.1146,Grade A
ganga_kaveri,broken,4.618,2.338,1.975,8.48,0.8146,0.7781,0.4962,1.089,1.2615,1.1428,0.1818,Grade B
ganga_kaveri,damaged,4.714,2.652,1.777,9.82,0.6333,0.8834,0.4405,1.1558,1.304,1.0773,0.1138,Rejected
ganga_kaveri,chalky,4.383,1.817,2.412,6.255,0.7523,0.859,0.5871,0.969,1.0434,1.2188,0.1339,Rejected
ganga_kaveri,discolored,4.804,2.723,1.764,10.275,0.5607,0.9183,0.4363,0.993,1.2516,1.1551,0.1488,Rejected
ganga_kaveri,whole,4.825,2.831,1.704,10.728,0.6685,0.8729,0.4167,1.1048,1.2058,1.2589,0.1215,Grade A
ganga_kaveri,whole,4.83,2.368,2.039,8.984,0.6358,1.0,0.512,1.0386,1.2728,1.2091,0.0811,Common
ganga_kaveri,whole,4.754,2.189,2.172,8.173,0.7823,0.8719,0.5416,1.1316,1.3585,1.2217,0.1375,Grade A
ganga_kaveri,whole,5.071,2.26,2.244,9.001,0.5963,0.9533,0.5563,1.0422,1.194,1.0834,0.1155,Common
ganga_kaveri,whole,4.574,2.449,1.868,8.796,0.7951,0.9463,0.4675,1.0785,1.2541,1.2006,0.1682,Grade B
ganga_kaveri,whole,4.282,2.111,2.029,7.1,0.7666,0.9489,0.5095,1.1246,1.2597,1.2544,0.1155,Common
ganga_kaveri,whole,4.405,2.519,1.749,8.714,0.741,0.9378,0.4316,1.0949,1.267,1.3133,0.1655,Grade A
ganga_kaveri,whole,4.831,2.422,1.994,9.192,0.8007,0.9459,0.5011,1.0916,1.2457,1.1651,0.0349,Grade B
ganga_kaveri,whole,5.11,2.404,2.126,9.647,0.5811,0.9175,0.5317,1.0272,1.3079,1.1875,0.1587,Common
ganga_kaveri,whole,4.347,2.407,1.806,8.217,0.5635,0.9551,0.4494,1.1211,1.3097,1.1701,0.1424,Grade B
ganga_kaveri,damaged,4.644,2.183,2.128,7.962,0.6132,0.9249,0.5322,1.1562,1.2495,1.1558,0.1178,Common
ganga_kaveri,broken,4.429,2.459,1.801,8.553,0.5503,0.984,0.4478,1.0501,1.3278,1.0938,0.1501,Rejected
ganga_kaveri,chalky,4.282,2.45,1.748,8.239,0.5817,0.9074,0.4311,1.1518,1.3337,1.1709,0.1008,Rejected
ganga_kaveri,chalky,4.807,2.404,2.0,9.075,0.468,0.9591,0.5024,1.0885,1.3662,1.1043,0.0347,Rejected
ganga_kaveri,whole,4.059,2.204,1.841,7.027,0.9755,0.9047,0.4599,1.1339,1.2179,1.0446,0.1249,Grade A
ganga_kaveri,whole,4.563,2.453,1.86,8.791,0.685,0.8568,0.4654,1.1192,1.1141,1.047,0.1522,Common
ganga_kaveri,whole,4.153,2.258,1.839,7.367,0.6737,0.8402,0.4592,1.0457,1.3222,1.2556,0.1174,Grade B
ganga_kaveri,whole,4.811,2.239,2.149,8.461,0.7307,0.9076,0.5367,1.1692,1.2,1.2077,0.1216,Grade A
ganga_kaveri,broken,4.329,2.397,1.806,8.151,0.6937,0.9321,0.4493,1.0951,1.3338,1.2254,0.0985,Rejected
ganga_kaveri,whole,4.878,2.163,2.255,8.286,0.7588,0.951,0.5586,0.9753,1.2774,1.1419,0.1072,Grade B
ganga_kaveri,whole,4.342,2.415,1.798,8.236,0.7686,0.9129,0.4468,1.16,1.3125,1.0393,0.1141,Common
ganga_kaveri,whole,4.42,2.496,1.771,8.665,0.4375,1.0,0.4385,1.1219,1.2819,1.2409,0.2003,Grade A
ganga_kaveri,whole,4.879,2.59,1.884,9.923,0.7131,0.9129,0.472,1.0615,1.2039,1.1288,0.0895,Grade A
ganga_kaveri,whole,4.661,2.393,1.948,8.759,0.7147,0.8939,0.4893,1.2746,1.3788,1.0953,0.137,Grade A
ganga_kaveri,whole,4.171,2.486,1.678,8.146,0.6319,0.9684,0.4074,1.1496,1.3799,1.1189,0.1443,Grade B
ganga_kaveri,whole,4.353,2.722,1.599,9.306,0.7227,0.9518,0.3786,1.0407,1.1725,1.1358,0.1263,Grade A
ganga_kaveri,chalky,4.06,2.176,1.866,6.938,0.7671,0.9502,0.4669,1.0665,1.1886,1.1084,0.1188,Rejected
ganga_kaveri,whole,4.441,2.169,2.047,7.567,0.7268,0.8788,0.5139,1.0589,1.376,1.2196,0.1347,Grade A
ganga_kaveri,whole,4.94,2.325,2.125,9.02,0.8351,0.9846,0.5316,1.1898,1.2944,1.2052,0.1724,Grade B
ganga_kaveri,chalky,4.456,2.448,1.821,8.567,0.5709,0.9128,0.4538,1.1558,1.0947,1.2621,0.1637,Common
ganga_kaveri,whole,4.601,2.646,1.739,9.562,0.7983,0.85,0.4282,1.1252,1.2535,1.175,0.1082,Grade B
ganga_kaveri,whole,4.363,2.133,2.046,7.31,0.6614,0.9417,0.5135,1.1044,1.3703,1.2174,0.1591,Grade B
ganga_kaveri,damaged,4.537,2.612,1.737,9.308,0.6948,0.9452,0.4276,1.0709,1.1876,1.1626,0.1393,Rejected
ganga_kaveri,whole,4.39,2.353,1.866,8.113,0.6061,0.976,0.4669,1.0723,1.3862,1.2617,0.1276,Grade A
ganga_kaveri,whole,4.129,2.125,1.943,6.892,0.8378,0.9258,0.4879,1.1134,1.0924,1.0981,0.1566,Common
ganga_kaveri,whole,4.781,2.727,1.753,10.24,0.6779,0.9235,0.4328,1.1016,1.4614,1.044,0.1505,Grade A
mansuri,whole,5.456,1.991,2.741,8.531,0.6343,0.9176,0.6365,1.1527,1.559,1.2585,0.1246,Grade A
mansuri,whole,4.818,1.847,2.608,6.989,0.7733,0.8563,0.618,1.1729,1.349,1.1659,0.1458,Common
mansuri,discolored,6.107,2.017,3.027,9.677,0.7009,0.9081,0.6708,1.1146,1.2691,1.0837,0.2113,Rejected
mansuri,whole,5.478,1.782,3.073,7.669,0.6814,0.84,0.6757,1.2466,1.2112,1.1481,0.1368,Grade B
mansuri,whole,5.03,2.101,2.395,8.299,0.7731,0.9469,0.5841,1.1529,1.5015,1.3411,0.1294,Grade B
mansuri,whole,5.69,1.629,3.492,7.28,0.683,0.8794,0.7145,1.1597,1.3957,1.0855,0.1493,Common
mansuri,whole,5.777,1.956,2.953,8.876,0.7342,0.9064,0.6625,1.037,1.2203,1.2526,0.1506,Grade A
mansuri,foreign,5.384,2.068,2.604,8.743,0.6665,0.8529,0.6175,1.1546,1.2936,1.2119,0.1982,Rejected
mansuri,chalky,5.052,1.865,2.709,7.399,0.761,0.8422,0.6322,1.1221,1.3181,1.2125,0.1811,Rejected
mansuri,whole,5.122,1.922,2.666,7.731,0.7084,0.8665,0.6262,1.1674,1.496,1.209,0.1652,Grade B
mansuri,discolored,4.808,1.787,2.69,6.749,0.5608,1.0,0.6297,1.1031,1.2823,1.2633,0.1163,Common
mansuri,whole,5.209,1.911,2.726,7.817,0.8029,0.9451,0.6345,1.1249,1.3162,1.234,0.156,Grade A
mansuri,whole,5.092,1.913,2.662,7.65,0.6519,1.0,0.6257,1.1076,1.1977,1.2019,0.1656,Grade B
mansuri,whole,4.899,2.031,2.412,7.813,0.5619,0.8982,0.5872,1.0945,1.3044,1.2513,0.1295,Grade A
mansuri,whole,5.396,1.898,2.843,8.043,0.715,0.9249,0.6495,1.1362,1.3775,1.2336,0.1636,Grade A
mansuri,whole,5.682,2.017,2.818,9.0,0.6308,0.887,0.6464,1.0756,1.3529,1.272,0.1378,Common
mansuri,foreign,5.453,1.866,2.922,7.992,0.7747,0.9363,0.6589,1.2465,1.2418,1.2411,0.1341,Common
mansuri,whole,5.17,1.898,2.723,7.707,0.7137,1.0,0.6342,1.099,1.2196,1.2264,0.0878,Grade A
mansuri,whole,5.802,2.056,2.822,9.368,0.6496,0.9125,0.6469,1.064,1.2198,1.2286,0.1118,Grade A
mansuri,discolored,5.709,2.188,2.609,9.811,0.5698,0.8273,0.6182,1.1025,1.3113,1.2231,0.1366,Common
mansuri,whole,5.895,1.587,3.714,7.349,0.6631,0.9307,0.7315,1.0549,1.4485,1.1719,0.1488,Grade B
mansuri,discolored,4.798,1.831,2.62,6.902,0.8029,0.9032,0.6198,1.0592,1.3841,1.1902,0.1347,Rejected
mansuri,discolored,6.405,2.032,3.152,10.224,0.816,0.8947,0.6837,1.0484,1.315,1.2164,0.1176,Common
mansuri,whole,5.637,1.981,2.846,8.769,0.7291,0.8946,0.6499,1.0792,1.2141,1.3171,0.1504,Grade A
mansuri,whole,6.616,1.728,3.828,8.98,0.6571,0.9408,0.7394,1.146,1.3866,1.3185,0.1652,Grade A
mansuri,broken,5.617,2.231,2.518,9.842,0.5602,0.9801,0.6044,1.1208,1.377,1.2039,0.1247,Common
mansuri,whole,5.869,1.898,3.093,8.749,0.64,0.8421,0.6777,1.1592,1.3439,1.1521,0.1338,Grade A
mansuri,damaged,5.189,1.719,3.02,7.004,0.6588,0.8831,0.6699,1.0124,1.4718,1.2852,0.1266,Rejected
mansuri,broken,5.953,1.769,3.365,8.27,0.8092,0.8926,0.7037,1.0298,1.3679,1.2874,0.2276,Grade B
mansuri,broken,5.344,2.025,2.639,8.501,0.553,0.8569,0.6225,1.0634,1.3163,1.1715,0.1698,Rejected
mansuri,whole,6.115,1.967,3.11,9.445,0.5783,0.9882,0.6794,1.0737,1.3828,1.3044,0.1637,Grade A
mansuri,broken,6.003,1.873,3.205,8.83,0.708,0.9579,0.689,1.1518,1.3323,1.1975,0.1406,Rejected
mansuri,whole,5.402,2.073,2.606,8.796,0.6871,0.8774,0.6177,1.0645,1.2317,1.1937,0.187,Grade A
mansuri,discolored,5.25,1.858,2.825,7.663,0.549,0.909,0.6473,1.0984,1.3532,1.2234,0.114,Common
mansuri,whole,5.912,1.934,3.057,8.978,0.7198,0.9195,0.674,1.0789,1.3274,1.2385,0.0976,Grade A
mansuri,whole,5.597,2.091,2.677,9.192,0.6228,0.8951,0.6278,1.0792,1.2459,1.1892,0.1731,Common
mansuri,whole,5.1,1.968,2.591,7.884,0.5298,0.8919,0.6155,1.0902,1.444,1.1935,0.084,Grade A
mansuri,whole,5.733,1.96,2.925,8.826,0.7168,0.9781,0.6593,1.0776,1.3816,1.1121,0.1229,Grade A
mansuri,broken,5.482,1.918,2.858,8.26,0.7062,0.8736,0.6513,1.0986,1.1902,1.2918,0.1409,Common
mansuri,foreign,5.028,1.72,2.923,6.792,0.5904,0.9166,0.6591,1.1359,1.3692,1.3643,0.0825,Rejected
mansuri,damaged,5.731,1.811,3.165,8.151,0.6414,0.889,0.685,1.0555,1.4448,1.2605,0.1507,Common
mansuri,whole,6.013,1.658,3.627,7.831,0.5669,0.8111,0.725,1.068,1.3229,1.2162,0.1545,Grade A
mansuri,whole,4.964,2.029,2.447,7.908,0.724,0.9567,0.593,0.9964,1.3349,1.1387,0.1381,Common
mansuri,broken,5.176,1.901,2.723,7.729,0.5468,0.9775,0.6341,1.0977,1.3995,1.1784,0.1343,Grade B
mansuri,whole,5.23,2.003,2.611,8.229,0.6618,0.8212,0.6185,1.0758,1.2157,1.212,0.1143,Common
mansuri,whole,5.433,2.005,2.71,8.554,0.7964,0.919,0.6323,1.0637,1.1681,1.1688,0.1315,Grade B
mansuri,whole,5.761,1.802,3.197,8.154,0.6943,0.9792,0.6882,1.1305,1.3052,1.1739,0.131,Grade A
mansuri,whole,5.787,1.864,3.104,8.475,0.565,1.0,0.6789,1.1292,1.1974,1.1835,0.1533,Grade B
mansuri,whole,5.871,2.124,2.764,9.793,0.6371,0.9061,0.6395,1.0478,1.2937,1.2078,0.1698,Grade B
mansuri,whole,4.752,1.897,2.506,7.079,0.7294,0.9325,0.6025,1.0904,1.32,1.3009,0.1615,Grade A
mansuri,broken,5.435,2.162,2.514,9.229,0.6817,0.919,0.6038,1.0811,1.3979,1.3276,0.1635,Rejected
mansuri,broken,4.594,2.019,2.275,7.286,0.7134,0.9414,0.5624,1.0673,1.2792,1.1853,0.1806,Common
mansuri,chalky,5.664,1.696,3.34,7.544,0.6871,0.8874,0.7015,0.9783,1.438,1.2522,0.166,Common
mansuri,discolored,5.563,1.679,3.313,7.335,0.6516,0.9621,0.6991,1.0469,1.1075,1.1964,0.1457,Rejected
mansuri,whole,5.742,1.941,2.958,8.756,0.8196,0.8441,0.6631,1.1403,1.3601,1.1356,0.1049,Grade A
mansuri,whole,5.217,1.794,2.908,7.351,0.7753,0.8893,0.6572,1.0586,1.2611,1.2771,0.1504,Grade A
mansuri,broken,5.991,1.78,3.365,8.376,0.8316,0.9305,0.7037,1.1004,1.5101,1.1467,0.1394,Grade B
mansuri,chalky,6.142,2.167,2.834,10.454,0.8224,0.9101,0.6484,1.0881,1.1763,1.3322,0.1641,Common
mansuri,discolored,5.13,1.965,2.611,7.918,0.6827,0.9519,0.6184,1.1062,1.1939,1.2145,0.1815,Rejected
mansuri,whole,5.103,1.896,2.692,7.598,0.6375,0.9573,0.6298,1.1119,1.3652,1.2753,0.1707,Grade B
mansuri,whole,5.499,1.815,3.03,7.837,0.6656,0.9013,0.6711,1.0512,1.1534,1.1699,0.1558,Grade A
mansuri,whole,6.222,2.064,3.015,10.085,0.8644,0.9396,0.6694,1.1801,1.2521,1.1713,0.0678,Grade A
mansuri,chalky,5.951,2.146,2.772,10.032,0.6447,0.9073,0.6406,1.0648,1.3406,1.2775,0.0977,Common
mansuri,broken,5.656,1.856,3.048,8.243,0.7113,0.9429,0.6729,1.0987,1.3017,1.1972,0.1791,Rejected
mansuri,whole,5.017,1.839,2.728,7.248,0.7899,0.9219,0.6347,1.1496,1.4513,1.2723,0.1528,Grade A
mansuri,whole,5.436,1.848,2.942,7.889,0.739,0.9123,0.6612,1.0908,1.1676,1.1536,0.1643,Grade B
mansuri,broken,5.625,2.052,2.74,9.067,0.6189,0.9383,0.6364,1.0656,1.3792,1.2191,0.159,Grade B
mansuri,whole,6.292,1.739,3.619,8.593,0.666,0.9316,0.7244,1.1572,1.2652,1.04,0.1908,Grade B
mansuri,whole,5.269,2.151,2.45,8.901,0.8448,0.9669,0.5934,1.0994,1.3166,1.2021,0.1838,Grade A
mansuri,whole,5.884,1.893,3.108,8.747,0.8378,0.8864,0.6793,1.1067,1.2362,1.2104,0.1056,Grade A
mansuri,whole,5.764,2.015,2.861,9.12,0.527,0.9867,0.6517,1.2598,1.3137,1.1715,0.2347,Grade A
mansuri,discolored,5.568,2.115,2.632,9.251,0.736,0.8951,0.6216,1.0529,1.2827,1.1496,0.1514,Common
mansuri,whole,5.286,1.661,3.182,6.895,0.8255,0.8951,0.6867,1.0339,1.2965,1.2141,0.0976,Grade B
mansuri,whole,6.15,1.984,3.1,9.583,0.66,0.8827,0.6785,1.1037,1.359,1.2085,0.1435,Grade A
mansuri,whole,5.37,1.566,3.428,6.605,0.7974,0.9349,0.7092,1.0636,1.4619,1.2152,0.1189,Grade A
mansuri,whole,5.826,1.964,2.967,8.985,0.7395,0.8987,0.6641,1.137,1.2891,1.2434,0.0929,Grade A
mansuri,whole,5.335,2.176,2.452,9.116,0.6233,0.8898,0.5939,1.0831,1.2128,1.0775,0.1431,Common
mansuri,whole,5.445,1.907,2.855,8.155,0.8023,0.9105,0.651,1.0756,1.2875,1.2448,0.1924,Grade A
mansuri,whole,5.629,1.741,3.233,7.697,0.702,0.8467,0.6916,1.0039,1.3393,1.187,0.1561,Grade A
mansuri,whole,5.483,1.703,3.22,7.332,0.8391,0.8522,0.6904,1.0983,1.2266,1.2442,0.1401,Common
mansuri,whole,5.303,2.037,2.604,8.482,0.7029,0.9458,0.6174,1.0511,1.1976,1.2164,0.1404,Common
mansuri,whole,5.578,1.64,3.401,7.186,0.8888,0.9118,0.7068,1.1519,1.2431,1.2285,0.1109,Common
mansuri,broken,5.511,2.012,2.74,8.707,0.5767,0.8858,0.6363,1.1374,1.4779,1.2017,0.1677,Common
mansuri,whole,4.836,1.915,2.525,7.274,0.5374,0.7947,0.6055,1.1278,1.3212,1.1929,0.1468,Grade A
mansuri,whole,5.694,1.796,3.17,8.032,0.7295,0.9081,0.6855,1.0854,1.4555,1.2806,0.1541,Grade A
mansuri,whole,6.527,1.863,3.503,9.551,0.8103,0.9921,0.7154,1.1231,1.2427,1.0639,0.1705,Grade A
mansuri,whole,5.025,1.858,2.705,7.331,0.7034,0.9334,0.6317,1.0431,1.4058,1.1742,0.0998,Grade A
mansuri,whole,5.561,2.118,2.626,9.25,0.6764,0.914,0.6206,1.0438,1.3756,1.2211,0.1374,Grade A
mansuri,whole,5.033,1.805,2.788,7.137,0.7358,0.8602,0.6426,1.0204,1.1401,1.2533,0.1336,Grade A
mansuri,whole,5.15,1.81,2.846,7.319,0.7243,0.8965,0.6499,1.1467,1.2317,1.1271,0.0961,Grade A
mansuri,whole,5.386,1.799,2.994,7.609,0.8243,0.9814,0.6671,1.0899,1.1665,1.176,0.132,Common
mansuri,whole,5.25,1.788,2.936,7.374,0.6347,0.9007,0.6605,1.0719,1.3267,1.2316,0.1227,Grade B
mansuri,damaged,4.885,1.961,2.491,7.524,0.6183,0.9361,0.6002,0.9658,1.4214,1.2503,0.105,Rejected
mansuri,whole,4.938,2.168,2.278,8.407,0.6263,0.8783,0.563,0.974,1.2819,1.1963,0.1715,Grade A
mansuri,broken,5.671,2.061,2.752,9.181,0.5429,0.9741,0.6379,1.1123,1.3973,1.2058,0.0743,Grade B
mansuri,whole,5.442,2.07,2.63,8.846,0.6106,0.9006,0.6212,1.0994,1.078,1.3103,0.123,Common
mansuri,whole,5.978,1.965,3.042,9.226,0.6765,0.8753,0.6724,1.1579,1.1601,1.2488,0.117,Grade B
mansuri,whole,5.745,1.913,3.003,8.632,0.5248,0.877,0.6681,1.1503,1.3233,1.2809,0.1621,Grade A
mansuri,whole,5.539,1.53,3.621,6.655,0.8673,0.9421,0.7246,1.1836,1.1836,1.2847,0.2169,Grade A
mansuri,whole,5.5,1.653,3.328,7.141,0.7493,0.9617,0.7004,1.0739,1.4033,1.11,0.1052,Grade A
mansuri,broken,5.552,1.904,2.916,8.303,0.6283,0.9605,0.6582,1.1419,1.3787,1.2026,0.1681,Common
mansuri,whole,5.191,2.237,2.321,9.12,0.7035,0.8512,0.571,1.1921,1.3201,1.2611,0.1867,Grade B
mansuri,discolored,5.871,1.9,3.09,8.761,0.7686,0.8123,0.6774,1.1368,1.2589,1.3092,0.1687,Rejected
mansuri,whole,5.121,2.16,2.371,8.686,0.8991,0.9396,0.58,1.2054,1.2645,1.1622,0.1512,Grade B
mansuri,whole,5.704,1.949,2.927,8.732,0.6002,0.9459,0.6595,1.1618,1.3237,1.2792,0.1135,Grade B
mansuri,whole,5.077,1.799,2.822,7.173,0.6058,0.8926,0.6469,1.0972,1.377,1.1907,0.1024,Grade B
mansuri,damaged,5.478,1.971,2.779,8.481,0.72,0.9747,0.6414,1.1387,1.2411,1.3407,0.1558,Rejected
mansuri,whole,5.595,1.964,2.849,8.63,0.9492,0.9062,0.6502,1.0909,1.3193,1.2743,0.1048,Grade A
mansuri,whole,4.753,1.806,2.632,6.742,0.5366,0.8988,0.6215,1.1401,1.2387,1.1244,0.1521,Grade B
mansuri,chalky,5.812,2.031,2.862,9.269,0.7954,0.9809,0.6518,1.2421,1.2815,1.2166,0.1375,Rejected
mansuri,damaged,4.989,1.762,2.831,6.905,0.8377,0.971,0.648,1.0882,1.3784,1.2305,0.195,Rejected
mansuri,broken,6.504,1.996,3.259,10.194,0.7049,0.9561,0.6941,1.0881,1.501,1.2208,0.1418,Common
mansuri,whole,5.83,1.82,3.202,8.335,0.7576,0.8446,0.6887,1.1211,1.3462,1.3124,0.1269,Grade A
mansuri,whole,4.992,2.114,2.362,8.288,0.8549,0.936,0.5783,1.1833,1.3207,1.2043,0.14,Grade A
mansuri,whole,5.6,1.894,2.958,8.329,0.7745,0.9247,0.663,1.1002,1.2403,1.2143,0.1721,Grade A
mansuri,whole,5.589,1.785,3.131,7.835,0.6412,0.9315,0.6816,1.042,1.338,1.1563,0.1819,Grade B
mansuri,whole,5.703,1.784,3.197,7.99,0.8041,0.8567,0.6882,1.1388,1.2402,1.1976,0.1191,Grade B
mansuri,broken,5.71,1.845,3.095,8.274,0.6886,0.9274,0.6779,1.0643,1.3268,1.3018,0.1267,Common
mansuri,whole,5.19,1.667,3.113,6.796,0.7302,0.8926,0.6798,1.2221,1.3128,1.1619,0.1156,Grade A
mansuri,whole,5.914,1.809,3.27,8.401,0.7044,0.9678,0.6951,1.0809,1.3063,1.209,0.1705,Common
mansuri,whole,5.524,1.841,3.001,7.985,0.5522,0.9329,0.6679,1.2235,1.2393,1.1636,0.1239,Grade A
mansuri,whole,5.775,1.972,2.929,8.944,0.6841,0.8741,0.6598,1.1155,1.1848,1.2186,0.1761,Grade A
mansuri,whole,6.1,1.802,3.385,8.634,0.8136,0.9123,0.7054,1.1003,1.3451,1.157,0.154,Grade A
mansuri,whole,5.628,1.858,3.029,8.213,0.6843,0.8595,0.671,1.2055,1.3801,1.2678,0.1408,Grade A
mansuri,chalky,5.477,1.78,3.077,7.657,0.7417,0.9784,0.676,1.1086,1.4123,1.275,0.1177,Common
mansuri,whole,4.469,1.876,2.382,6.585,0.5569,0.8962,0.582,1.0921,1.2813,1.1769,0.1171,Grade A
mansuri,whole,6.371,2.199,2.897,11.002,0.5838,0.9991,0.6561,1.086,1.3203,1.2062,0.1302,Common
mansuri,whole,5.319,1.691,3.145,7.065,0.6106,0.8379,0.683,1.1107,1.2143,1.1941,0.1911,Grade B
mansuri,whole,5.467,2.201,2.484,9.449,0.7521,0.9036,0.5991,1.0244,1.3415,1.2598,0.1311,Common
mansuri,whole,5.611,1.842,3.046,8.116,0.6816,0.7956,0.6728,1.0967,1.3875,1.1721,0.1516,Grade A
golden_mansuri,chalky,5.383,2.165,2.486,9.152,0.6783,0.873,0.5994,1.23,1.4243,1.1837,0.1849,Rejected
golden_mansuri,whole,4.988,2.281,2.187,8.937,0.643,0.9021,0.5448,1.3083,1.3741,1.1968,0.1038,Grade B
golden_mansuri,damaged,5.279,2.04,2.587,8.459,0.8416,0.9587,0.615,1.1405,1.3747,1.184,0.1742,Rejected
golden_mansuri,whole,6.106,2.189,2.79,10.498,0.6638,0.9571,0.6428,1.1445,1.2634,1.1958,0.1725,Grade A
golden_mansuri,whole,6.082,2.067,2.943,9.874,0.5791,0.9228,0.6613,1.1568,1.3649,1.2752,0.2006,Grade A
golden_mansuri,broken,5.263,2.226,2.365,9.201,0.8449,0.9042,0.5789,1.1355,1.4673,1.2503,0.1831,Grade B
golden_mansuri,whole,5.31,1.896,2.801,7.906,0.6653,0.8907,0.6442,1.1367,1.2347,1.2775,0.2038,Common
golden_mansuri,whole,4.882,2.276,2.145,8.728,0.6189,0.9628,0.5359,1.1459,1.3523,1.2089,0.2064,Grade A
golden_mansuri,chalky,6.163,2.229,2.765,10.788,0.9325,0.8936,0.6396,1.2074,1.3415,1.294,0.1698,Rejected
golden_mansuri,whole,5.494,1.846,2.976,7.964,0.6483,0.951,0.6651,1.2335,1.3589,1.2991,0.1293,Grade A
golden_mansuri,broken,5.652,2.115,2.672,9.389,0.7691,0.8978,0.6272,1.1583,1.3464,1.1644,0.1666,Grade B
golden_mansuri,whole,5.64,2.07,2.724,9.17,0.7032,0.9238,0.6342,1.1241,1.4518,1.1498,0.1484,Grade B
golden_mansuri,broken,5.131,2.232,2.299,8.996,0.4923,0.9082,0.5669,1.2787,1.2264,1.1011,0.125,Common
golden_mansuri,whole,5.485,2.223,2.467,9.576,0.839,1.0,0.5963,1.1352,1.1659,1.1707,0.1572,Grade A
golden_mansuri,whole,6.17,2.329,2.649,11.288,0.6828,0.9749,0.6239,1.1715,1.3552,1.2744,0.1722,Grade A
golden_mansuri,broken,6.564,1.841,3.565,9.492,0.6485,0.9137,0.7203,1.1764,1.4514,1.2185,0.1273,Common
golden_mansuri,whole,4.884,2.099,2.327,8.053,0.541,0.8868,0.572,1.0958,1.4147,1.227,0.1314,Grade B
golden_mansuri,broken,5.839,1.953,2.989,8.958,0.6634,0.9452,0.6665,1.1813,1.457,1.2151,0.1792,Grade B
golden_mansuri,discolored,5.885,2.082,2.826,9.624,0.5196,0.9366,0.6474,1.1719,1.2956,1.1429,0.2143,Common
golden_mansuri,broken,5.906,2.059,2.869,9.55,0.5863,0.8789,0.6526,1.2282,1.361,1.187,0.1853,Common
golden_mansuri,whole,6.268,2.016,3.109,9.925,0.6371,0.7891,0.6794,1.0611,1.2428,1.2281,0.1602,Grade A
golden_mansuri,whole,5.912,2.195,2.693,10.192,0.51,0.9136,0.6301,1.067,1.4221,1.267,0.1431,Grade A
golden_mansuri,whole,5.378,2.017,2.667,8.52,0.4747,0.9368,0.6264,1.1336,1.4276,1.1541,0.1514,Grade A
golden_mansuri,broken,5.204,2.279,2.283,9.315,0.6302,0.9262,0.5639,1.1272,1.2484,1.2099,0.188,Grade B
golden_mansuri,whole,5.343,2.013,2.654,8.448,0.7531,0.8868,0.6247,1.1523,1.3248,1.2278,0.0986,Grade A
golden_mansuri,whole,6.136,1.936,3.169,9.33,0.6756,0.9347,0.6854,1.1916,1.1878,1.1668,0.16,Grade A
golden_mansuri,whole,5.604,1.847,3.035,8.129,0.7402,0.986,0.6716,1.1565,1.2775,1.2775,0.1899,Grade A
golden_mansuri,discolored,6.119,2.313,2.646,11.114,0.6934,0.9021,0.6235,1.2236,1.2532,1.2463,0.1289,Rejected
golden_mansuri,whole,6.147,2.054,2.994,9.915,0.8269,0.9446,0.6671,1.0766,1.464,1.3131,0.1965,Grade A
golden_mansuri,whole,5.761,1.973,2.919,8.929,0.8692,0.9272,0.6586,0.9878,1.3771,1.1991,0.1678,Common
golden_mansuri,foreign,5.545,2.245,2.47,9.779,0.812,0.9342,0.5967,1.1296,1.3467,1.2212,0.1459,Rejected
golden_mansuri,whole,5.943,2.183,2.723,10.189,0.854,0.9828,0.6341,1.1089,1.4156,1.1629,0.1909,Grade A
golden_mansuri,whole,5.483,1.916,2.862,8.25,0.728,0.7863,0.6518,1.0449,1.3358,1.2249,0.1589,Grade A
golden_mansuri,whole,5.864,2.205,2.66,10.155,0.6984,0.9778,0.6255,1.1738,1.2902,1.2032,0.1279,Grade B
golden_mansuri,discolored,5.655,2.3,2.458,10.215,0.7685,0.9901,0.5949,1.1318,1.4577,1.2084,0.2141,Rejected
golden_mansuri,chalky,6.32,2.065,3.06,10.25,0.7218,0.9844,0.6743,1.142,1.2443,1.3486,0.1559,Common
golden_mansuri,whole,5.767,2.308,2.498,10.454,0.6392,0.8696,0.6014,1.1652,1.2066,1.2027,0.1774,Grade A
golden_mansuri,whole,6.37,2.119,3.006,10.599,0.8431,0.907,0.6685,1.0972,1.3715,1.2071,0.1347,Grade B
golden_mansuri,broken,4.927,2.339,2.106,9.052,0.6496,0.8896,0.5275,1.0441,1.4893,1.1426,0.1718,Rejected
golden_mansuri,whole,5.675,1.794,3.164,7.995,0.619,0.9294,0.6849,1.1028,1.3663,1.2609,0.1989,Grade A
golden_mansuri,whole,6.022,2.1,2.868,9.931,0.809,1.0,0.6526,1.0637,1.332,1.0773,0.1758,Common
golden_mansuri,whole,5.425,1.731,3.134,7.376,0.7374,0.9928,0.6819,1.1145,1.3852,1.1259,0.1837,Grade A
golden_mansuri,whole,5.535,1.963,2.82,8.532,0.624,0.9003,0.6466,1.1729,1.245,1.1962,0.1688,Grade A
golden_mansuri,whole,5.342,1.98,2.698,8.304,0.6022,1.0,0.6308,1.1832,1.2751,1.2864,0.176,Grade B
golden_mansuri,foreign,5.385,2.161,2.492,9.139,0.6455,1.0,0.6004,1.0738,1.4729,1.2133,0.179,Rejected
golden_mansuri,damaged,6.05,1.987,3.045,9.439,0.7864,0.7846,0.6727,1.1068,1.2761,1.1448,0.1636,Rejected
golden_mansuri,whole,5.801,1.98,2.93,9.022,0.7369,0.9262,0.6598,1.2062,1.4122,1.2218,0.1431,Grade A
golden_mansuri,whole,5.568,2.148,2.592,9.394,0.7715,0.9174,0.6156,1.151,1.3615,1.189,0.1422,Grade A
golden_mansuri,whole,5.899,1.973,2.989,9.143,0.6762,0.9433,0.6666,1.1812,1.2636,1.2798,0.2038,Grade A
golden_mansuri,whole,6.2,2.074,2.99,10.098,0.478,0.85,0.6667,1.135,1.257,1.1952,0.171,Grade B
golden_mansuri,whole,6.15,2.357,2.609,11.386,0.8434,0.9342,0.6182,1.0322,1.3869,1.2829,0.1676,Grade B
golden_mansuri,discolored,5.939,2.296,2.587,10.707,0.7333,0.7954,0.6149,1.1201,1.4458,1.1715,0.1633,Common
golden_mansuri,whole,5.261,2.421,2.173,10.004,0.8681,0.8758,0.5419,1.1588,1.2956,1.2569,0.1853,Common
golden_mansuri,whole,6.041,2.16,2.797,10.247,0.9935,0.8686,0.6438,1.0474,1.3186,1.1259,0.1252,Grade A
golden_mansuri,whole,5.299,2.193,2.416,9.128,0.6494,0.911,0.5878,1.2037,1.2887,1.2041,0.181,Grade A
golden_mansuri,whole,5.845,2.189,2.671,10.048,0.9064,0.9279,0.627,1.1992,1.3344,1.2378,0.22,Grade A
golden_mansuri,broken,6.597,2.151,3.067,11.144,0.8651,0.8885,0.675,1.1481,1.3527,1.0869,0.135,Grade B
golden_mansuri,whole,6.066,2.158,2.811,10.283,0.7824,0.9118,0.6455,1.2221,1.3507,1.2235,0.162,Common
golden_mansuri,chalky,6.11,1.896,3.222,9.1,0.5901,0.9544,0.6906,1.1447,1.3137,1.2734,0.1518,Rejected
golden_mansuri,whole,6.346,2.383,2.663,11.878,0.6718,0.9815,0.6259,1.0931,1.2774,1.079,0.2202,Grade A
golden_mansuri,whole,5.318,2.225,2.39,9.293,0.6624,0.8548,0.5833,1.1765,1.2353,1.1698,0.1068,Grade A
golden_mansuri,whole,4.875,1.833,2.659,7.02,0.6998,0.8928,0.6253,1.2695,1.4967,1.1679,0.1867,Grade B
golden_mansuri,whole,5.072,2.098,2.418,8.356,0.6827,0.8982,0.5881,1.1765,1.2899,1.1509,0.1733,Grade B
golden_mansuri,whole,5.862,1.888,3.105,8.693,0.7928,0.8315,0.6789,1.1153,1.3294,1.1818,0.153,Grade B
golden_mansuri,whole,6.725,2.179,3.087,11.508,0.7092,0.9438,0.6771,1.3018,1.2705,1.1528,0.1474,Grade A
golden_mansuri,damaged,5.709,2.405,2.374,10.784,0.7151,0.9054,0.5806,1.1129,1.4219,1.1705,0.2254,Rejected
golden_mansuri,damaged,6.512,2.146,3.034,10.977,0.6988,0.9715,0.6715,1.2157,1.2855,1.1884,0.1303,Rejected
golden_mansuri,whole,5.133,2.018,2.544,8.136,0.5653,0.8751,0.6084,1.1831,1.2913,1.202,0.1212,Common
golden_mansuri,whole,5.394,2.066,2.611,8.752,0.718,0.8793,0.6184,1.0614,1.4944,1.182,0.1671,Grade A
golden_mansuri,whole,5.177,2.181,2.374,8.868,0.6292,0.8931,0.5805,1.1068,1.2599,1.2175,0.1258,Grade B
golden_mansuri,whole,6.098,2.11,2.89,10.105,0.7422,0.8967,0.6552,1.128,1.373,1.1502,0.1593,Grade A
golden_mansuri,whole,4.814,2.341,2.056,8.851,0.6313,0.9782,0.516,1.2141,1.2471,1.1547,0.2468,Grade B
golden_mansuri,whole,5.808,1.986,2.924,9.062,0.7432,0.8841,0.6592,1.0281,1.2443,1.2213,0.1361,Grade A
golden_mansuri,whole,5.371,2.254,2.384,9.507,0.7247,0.9195,0.5822,1.2027,1.3884,1.3068,0.1562,Grade A
golden_mansuri,whole,5.52,1.866,2.958,8.088,0.6571,0.9682,0.6631,1.228,1.4268,1.1123,0.2025,Grade A
golden_mansuri,broken,5.546,2.226,2.491,9.697,0.5668,0.9786,0.6001,1.0621,1.2965,1.1601,0.1174,Common
golden_mansuri,whole,6.82,2.117,3.221,11.342,0.8117,0.9316,0.6905,1.1799,1.3226,1.2317,0.1861,Grade A
golden_mansuri,damaged,5.675,2.249,2.524,10.024,0.5934,0.9174,0.6053,1.2647,1.4431,1.301,0.1707,Rejected
golden_mansuri,whole,6.355,1.749,3.634,8.729,0.5685,0.9855,0.7256,1.1334,1.2963,1.1448,0.1533,Grade A
golden_mansuri,whole,5.691,2.09,2.723,9.339,0.7588,0.9681,0.6341,1.2068,1.4359,1.1821,0.1611,Grade B
golden_mansuri,whole,5.698,2.172,2.624,9.719,0.7785,0.8311,0.6203,1.1929,1.3313,1.2624,0.1933,Grade B
golden_mansuri,whole,6.266,2.36,2.655,11.613,0.7291,0.9216,0.6248,1.2024,1.4086,1.2015,0.1821,Grade A
golden_mansuri,whole,6.242,2.11,2.958,10.344,0.9049,0.8387,0.6631,1.1166,1.3526,1.2882,0.182,Grade B
golden_mansuri,whole,5.214,2.158,2.416,8.838,0.5636,0.8934,0.5878,1.1801,1.2714,1.3163,0.2067,Common
golden_mansuri,whole,5.04,1.932,2.608,7.648,0.4714,0.8809,0.6181,1.196,1.3169,1.2476,0.1243,Grade B
golden_mansuri,whole,5.705,2.083,2.739,9.335,0.5728,0.8623,0.6362,1.2081,1.3819,1.283,0.1797,Grade A
golden_mansuri,whole,5.586,2.095,2.666,9.192,0.8953,0.9543,0.6264,1.2422,1.3978,1.1773,0.1735,Grade B
golden_mansuri,broken,5.539,2.063,2.685,8.974,0.8606,0.816,0.6289,1.2223,1.2751,1.1377,0.2054,Common
golden_mansuri,whole,6.036,2.471,2.443,11.714,0.7559,0.9122,0.5923,1.1706,1.4495,1.1732,0.1504,Grade A
golden_mansuri,whole,5.758,1.76,3.271,7.962,0.7053,0.9633,0.6952,1.1214,1.4842,1.1324,0.2057,Grade B
golden_mansuri,whole,6.839,2.089,3.274,11.217,0.6123,0.8496,0.6955,1.1368,1.3398,1.2262,0.1611,Common
golden_mansuri,whole,4.887,2.073,2.357,7.958,0.4633,0.9377,0.5776,1.0912,1.3631,1.2988,0.1415,Grade B
golden_mansuri,whole,6.436,2.034,3.164,10.283,0.616,0.9544,0.6849,1.1239,1.2827,1.1913,0.1687,Grade B
golden_mansuri,damaged,5.71,2.212,2.581,9.922,0.7193,0.9855,0.614,1.1455,1.3352,1.2555,0.173,Common
golden_mansuri,whole,5.426,1.99,2.727,8.48,0.6472,0.9877,0.6346,0.9567,1.3816,1.2221,0.1196,Grade A
golden_mansuri,broken,5.83,2.186,2.667,10.008,0.759,0.7874,0.6265,1.232,1.291,1.2612,0.1922,Grade B
golden_mansuri,whole,5.538,1.727,3.206,7.512,0.8168,0.8812,0.6891,1.0987,1.3178,1.2363,0.1683,Grade B
golden_mansuri,discolored,5.388,2.079,2.592,8.799,0.8898,0.9143,0.6156,1.2151,1.3531,1.191,0.1626,Common
golden_mansuri,whole,6.277,2.165,2.9,10.673,0.8187,0.8718,0.6563,1.1251,1.2921,1.2389,0.1592,Grade B
golden_mansuri,discolored,5.718,2.224,2.571,9.986,0.4935,1.0,0.6126,1.133,1.188,1.2295,0.171,Rejected
golden_mansuri,broken,5.666,2.278,2.487,10.138,0.7747,0.9349,0.5995,1.177,1.3417,1.3265,0.1256,Rejected
golden_mansuri,whole,6.042,1.948,3.101,9.244,0.5256,0.9278,0.6786,1.1669,1.4692,1.1438,0.2046,Grade B
golden_mansuri,whole,5.158,2.027,2.545,8.21,0.7014,0.9482,0.6086,1.1145,1.4744,1.1531,0.1178,Grade A
golden_mansuri,broken,5.614,2.661,2.11,11.734,0.6988,0.864,0.5282,1.1466,1.3459,1.2296,0.1899,Common
golden_mansuri,whole,5.803,2.231,2.601,10.167,0.6372,0.9843,0.617,1.1346,1.3722,1.164,0.1401,Common
golden_mansuri,whole,5.341,1.984,2.692,8.324,0.7699,0.8885,0.6299,1.1429,1.3512,1.105,0.1259,Grade B
golden_mansuri,discolored,6.144,2.274,2.702,10.973,0.7719,1.0,0.6312,1.145,1.4019,1.1849,0.2436,Common
golden_mansuri,chalky,6.533,2.102,3.108,10.786,0.7387,0.988,0.6793,1.1412,1.2975,1.2724,0.1724,Common
golden_mansuri,whole,5.777,1.95,2.963,8.847,0.5282,0.9318,0.6636,1.2043,1.3319,1.3062,0.1489,Grade A
golden_mansuri,broken,5.665,2.239,2.531,9.961,0.6225,0.9884,0.6064,1.268,1.3469,1.295,0.1383,Common
golden_mansuri,whole,6.063,2.097,2.891,9.986,0.4046,0.8879,0.6553,1.1124,1.2717,1.2273,0.1574,Grade A
golden_mansuri,broken,5.399,2.302,2.346,9.762,0.6339,0.8943,0.5755,1.1226,1.3771,1.2474,0.0787,Common
golden_mansuri,broken,5.259,1.925,2.732,7.951,0.655,0.8822,0.6353,1.1634,1.1943,1.1529,0.2162,Common
golden_mansuri,whole,5.849,1.774,3.297,8.151,0.7635,0.9141,0.6976,1.1227,1.3696,1.2485,0.1912,Grade B
golden_mansuri,discolored,5.122,2.015,2.542,8.105,0.9943,0.9562,0.6082,1.2922,1.4616,1.2345,0.179,Common
golden_mansuri,whole,5.685,1.787,3.181,7.979,0.7018,0.9805,0.6866,1.114,1.383,1.2711,0.1427,Grade A
golden_mansuri,whole,5.355,1.868,2.866,7.857,0.61,0.991,0.6523,1.0951,1.3601,1.1898,0.2054,Grade B
golden_mansuri,broken,5.829,2.058,2.832,9.423,0.5808,1.0,0.6481,1.1044,1.4031,1.2836,0.1533,Common
golden_mansuri,broken,6.426,2.016,3.188,10.172,0.5714,0.8947,0.6873,1.1625,1.3547,1.1964,0.1127,Common
golden_mansuri,damaged,5.895,2.21,2.668,10.23,0.7572,0.9399,0.6266,1.2059,1.3816,1.2012,0.1461,Common
golden_mansuri,whole,5.567,2.157,2.582,9.43,0.7439,0.9617,0.6141,1.227,1.3562,1.1415,0.1596,Grade A
golden_mansuri,broken,6.283,2.126,2.956,10.49,0.7381,0.9883,0.6628,1.1122,1.3959,1.2134,0.1645,Common
golden_mansuri,whole,5.542,2.226,2.49,9.689,0.5125,0.979,0.6,1.2131,1.3578,1.2064,0.182,Grade A
golden_mansuri,whole,6.028,1.936,3.114,9.166,0.698,0.9076,0.6799,1.1243,1.3492,1.1519,0.2009,Grade A
golden_mansuri,broken,5.563,1.889,2.945,8.254,0.7202,0.8422,0.6615,1.1524,1.2362,1.2477,0.1423,Grade B
golden_mansuri,whole,5.376,2.09,2.573,8.822,0.5486,0.9515,0.6128,1.2559,1.5734,1.2255,0.1936,Grade A
golden_mansuri,whole,6.026,2.013,2.994,9.527,0.8237,0.9073,0.6671,1.1225,1.388,1.1562,0.2006,Grade A
golden_mansuri,whole,5.318,2.237,2.378,9.342,0.6383,0.8526,0.5812,1.1137,1.3474,1.1491,0.1354,Grade B
golden_mansuri,broken,5.564,2.034,2.736,8.889,0.6579,0.9511,0.6358,1.2069,1.3255,1.1458,0.2082,Grade B
golden_mansuri,discolored,5.66,2.411,2.347,10.72,0.4754,0.9298,0.5758,1.2651,1.3217,1.2065,0.1789,Rejected
nati_mansuri,whole,4.61,2.238,2.06,8.102,0.6662,0.8886,0.517,1.1737,1.3269,1.195,0.1643,Grade A
nati_mansuri,whole,4.71,2.145,2.196,7.936,0.6397,0.9201,0.5466,1.0364,1.25,1.149,0.2037,Grade A
nati_mansuri,whole,5.387,2.324,2.318,9.834,0.7753,0.925,0.5704,1.06,1.1106,1.1923,0.1167,Grade A
nati_mansuri,whole,5.393,2.781,1.939,11.78,0.7217,0.8968,0.487,1.0294,1.3275,1.287,0.1326,Grade A
nati_mansuri,whole,5.135,1.983,2.59,7.997,0.7176,0.9426,0.6153,1.0956,1.2267,1.241,0.1279,Grade A
nati_mansuri,whole,5.229,2.423,2.158,9.952,0.7088,0.898,0.5387,1.0683,1.2039,1.1541,0.0764,Grade A
nati_mansuri,broken,5.007,2.292,2.185,9.014,0.7795,0.9875,0.5444,1.1635,1.3276,1.1807,0.1106,Common
nati_mansuri,whole,4.916,2.683,1.832,10.362,0.5474,0.8623,0.4571,1.1513,1.3111,1.2588,0.1395,Grade A
nati_mansuri,whole,4.279,2.074,2.063,6.971,0.7972,0.9636,0.5176,1.1218,1.1523,1.1585,0.1033,Grade B
nati_mansuri,whole,4.431,2.306,1.921,8.025,0.636,0.9942,0.4823,1.0559,1.1781,1.0508,0.1391,Grade A
nati_mansuri,damaged,5.204,2.433,2.139,9.947,0.6972,0.9882,0.5346,1.1398,1.2242,1.1176,0.1645,Common
nati_mansuri,whole,4.935,2.334,2.114,9.046,0.6154,0.9504,0.5293,1.0547,1.2818,1.2668,0.1202,Grade A
nati_mansuri,whole,5.138,2.351,2.186,9.487,0.6871,0.8945,0.5445,1.1291,1.2221,1.1983,0.1181,Grade A
nati_mansuri,chalky,4.672,2.29,2.04,8.404,0.7235,0.7356,0.5122,1.0515,1.2587,1.2703,0.1076,Rejected
nati_mansuri,discolored,4.354,2.379,1.83,8.134,0.6198,0.8948,0.4566,1.0518,1.2315,1.3433,0.1653,Common
nati_mansuri,whole,5.175,2.398,2.158,9.747,0.5394,0.9397,0.5386,1.1644,1.2217,1.2379,0.1611,Grade B
nati_mansuri,whole,4.427,2.228,1.987,7.745,0.8436,0.8286,0.4993,0.9759,1.2972,1.1534,0.1402,Grade B
nati_mansuri,whole,4.163,2.709,1.537,8.857,0.6003,0.867,0.3535,1.1662,1.2592,1.1762,0.1545,Grade B
nati_mansuri,broken,5.317,1.873,2.839,7.821,0.776,0.878,0.649,1.1823,1.3014,1.1396,0.1599,Rejected
nati_mansuri,whole,4.45,2.203,2.02,7.7,0.6996,0.9179,0.5073,1.145,1.1288,1.2001,0.1313,Grade A
nati_mansuri,broken,4.727,1.58,2.992,5.865,0.6299,0.8762,0.6669,1.132,1.2256,1.1671,0.1863,Common
nati_mansuri,broken,4.63,2.409,1.922,8.759,0.6766,0.9102,0.4825,1.1246,1.2422,1.2696,0.1352,Common
nati_mansuri,whole,5.151,2.018,2.552,8.164,0.7445,0.9625,0.6097,1.1535,1.2009,1.1406,0.1698,Common
nati_mansuri,discolored,4.541,2.24,2.027,7.989,0.8576,0.9176,0.5091,1.0564,1.2198,1.2,0.1,Common
nati_mansuri,chalky,4.716,2.367,1.993,8.766,0.8299,0.9534,0.5007,1.0572,1.3843,1.162,0.1029,Rejected
nati_mansuri,whole,4.856,2.303,2.109,8.782,0.8637,0.8484,0.5281,1.0229,1.1607,1.2024,0.145,Grade B
nati_mansuri,whole,4.663,2.3,2.027,8.424,0.7118,0.8364,0.5091,1.2626,1.3316,1.1926,0.1585,Common
nati_mansuri,foreign,4.585,2.42,1.895,8.715,0.7386,0.8795,0.475,1.1851,1.3135,1.2238,0.1818,Rejected
nati_mansuri,whole,5.075,2.155,2.355,8.59,0.7054,0.9263,0.5772,1.0426,1.4754,1.0956,0.1011,Grade B
nati_mansuri,whole,4.451,2.421,1.838,8.465,0.8468,0.9185,0.4589,1.2559,1.1521,1.2216,0.175,Common
nati_mansuri,chalky,4.701,2.389,1.968,8.82,0.7816,0.9501,0.4944,1.1624,1.2085,1.1663,0.1118,Common
nati_mansuri,whole,4.837,2.821,1.714,10.718,0.7193,0.923,0.4201,1.1064,1.239,1.1765,0.1738,Grade B
nati_mansuri,whole,4.485,2.21,2.03,7.785,0.7074,0.9797,0.5097,1.0196,1.2644,1.1887,0.085,Grade A
nati_mansuri,whole,4.529,2.338,1.937,8.318,0.6839,0.8922,0.4864,1.1257,1.4278,1.2784,0.0823,Common
nati_mansuri,chalky,4.853,2.22,2.186,8.462,0.7118,0.9276,0.5445,1.0653,1.2183,1.1531,0.147,Rejected
nati_mansuri,discolored,4.632,2.357,1.965,8.574,0.7963,0.9783,0.4938,1.0965,1.2723,1.1915,0.1055,Common
nati_mansuri,whole,5.018,2.246,2.234,8.852,0.7218,0.8788,0.5544,1.1422,1.2838,1.1634,0.1291,Grade A
nati_mansuri,whole,5.024,2.221,2.262,8.763,0.8593,0.9933,0.5599,1.0465,1.2956,1.141,0.1302,Grade B
nati_mansuri,whole,4.922,2.408,2.044,9.311,0.5999,0.8772,0.5131,1.0276,1.2191,1.009,0.1563,Grade B
nati_mansuri,whole,4.318,2.171,1.989,7.365,0.6541,0.8691,0.4997,1.1516,1.3548,1.1107,0.1618,Grade B
nati_mansuri,whole,5.774,2.12,2.724,9.612,0.9824,0.9023,0.6343,1.0645,1.3162,1.1451,0.152,Common
nati_mansuri,whole,4.351,2.252,1.932,7.697,0.8286,0.9171,0.485,1.1085,1.328,1.2502,0.0903,Common
nati_mansuri,whole,4.857,2.512,1.933,9.582,0.5806,0.8694,0.4854,0.9839,1.2461,1.2598,0.1364,Common
nati_mansuri,whole,4.344,2.203,1.972,7.516,0.5512,0.8637,0.4955,1.1233,1.1961,1.2468,0.1379,Grade B
nati_mansuri,whole,5.063,2.457,2.061,9.768,0.7335,0.9482,0.5171,1.0873,1.3334,1.1597,0.1401,Grade A
nati_mansuri,damaged,4.707,2.209,2.131,8.164,0.6311,0.9434,0.5329,1.1786,1.3837,1.1046,0.1787,Common
nati_mansuri,damaged,4.492,2.328,1.929,8.214,0.7314,0.8458,0.4843,1.1365,1.3977,1.1695,0.1808,Rejected
nati_mansuri,whole,4.046,2.784,1.453,8.845,0.8495,0.9058,0.3166,0.9817,1.313,1.0934,0.1533,Grade B
nati_mansuri,whole,5.181,2.461,2.105,10.015,0.7976,0.9204,0.5272,1.0151,1.3682,1.1638,0.0983,Common
nati_mansuri,broken,5.26,2.72,1.934,11.236,0.6959,1.0,0.4855,1.1055,1.2596,1.1422,0.1891,Grade B
nati_mansuri,whole,4.61,2.208,2.088,7.994,0.803,0.901,0.5233,1.0757,1.3806,1.2758,0.1593,Grade A
nati_mansuri,whole,4.827,2.364,2.042,8.963,0.6012,0.9562,0.5126,1.1051,1.1527,1.1243,0.1249,Grade A
nati_mansuri,whole,4.775,2.678,1.783,10.043,0.7238,0.878,0.4423,1.1132,1.2618,1.1995,0.1574,Grade B
nati_mansuri,whole,5.211,2.295,2.271,9.394,0.8639,0.9654,0.5615,1.0576,1.4668,1.1996,0.1149,Grade B
nati_mansuri,damaged,4.789,2.199,2.177,8.272,0.6828,0.9557,0.5428,1.1767,1.3356,1.1861,0.1849,Common
nati_mansuri,damaged,4.702,2.386,1.971,8.812,0.6886,0.9172,0.4951,1.0774,1.3976,1.136,0.1178,Rejected
nati_mansuri,whole,5.521,2.496,2.212,10.822,0.4615,0.8917,0.55,0.9913,1.2139,0.9917,0.1359,Grade A
nati_mansuri,whole,4.247,2.317,1.834,7.728,0.6585,0.9951,0.4576,1.1847,1.3528,1.1604,0.1996,Grade A
nati_mansuri,whole,4.772,2.751,1.735,10.309,0.6798,0.9108,0.4268,1.0135,1.3657,1.2372,0.1637,Grade A
nati_mansuri,whole,4.36,2.317,1.882,7.934,0.592,0.8611,0.4715,1.0746,1.2509,1.1477,0.154,Grade B
nati_mansuri,broken,4.862,2.102,2.313,8.026,0.7105,0.9275,0.5696,1.0098,1.3697,1.1271,0.1427,Common
nati_mansuri,damaged,4.812,2.228,2.16,8.418,0.7948,0.9537,0.5392,1.0629,1.2264,1.0557,0.1446,Rejected
nati_mansuri,whole,4.922,2.567,1.918,9.923,0.6303,0.9769,0.4812,1.0683,1.3522,1.0925,0.1471,Grade A
nati_mansuri,damaged,4.95,2.196,2.254,8.536,0.595,0.9623,0.5583,1.0938,1.2508,1.1825,0.2191,Common
nati_mansuri,whole,5.192,2.533,2.05,10.327,0.7436,0.9283,0.5146,0.9562,1.2357,1.1512,0.0838,Grade A
nati_mansuri,discolored,4.787,2.464,1.943,9.263,0.8107,0.9407,0.488,1.0422,1.1354,1.0746,0.1019,Rejected
nati_mansuri,whole,4.498,2.268,1.983,8.012,0.5986,0.9369,0.4983,1.0861,1.2908,1.2484,0.1046,Common
nati_mansuri,foreign,4.687,2.477,1.892,9.118,0.7879,0.8727,0.4742,1.0891,1.3125,1.1636,0.1576,Common
nati_mansuri,discolored,4.896,2.667,1.836,10.253,0.547,0.9139,0.4583,1.0455,1.3383,1.083,0.1504,Common
nati_mansuri,whole,4.586,2.153,2.13,7.755,0.5554,0.8967,0.5327,1.1651,1.288,1.2177,0.1899,Grade B
nati_mansuri,whole,4.959,2.191,2.263,8.534,0.6496,0.844,0.5601,1.1556,1.2591,1.1909,0.1089,Grade B
nati_mansuri,whole,4.752,2.476,1.919,9.239,0.7791,0.9189,0.4817,0.9939,1.5294,1.2848,0.1617,Grade B
nati_mansuri,whole,4.544,2.277,1.995,8.127,0.6457,0.9832,0.5013,1.1158,1.2273,1.1518,0.1736,Grade B
nati_mansuri,chalky,5.057,2.249,2.248,8.935,0.3758,0.9349,0.5572,1.0999,1.3012,1.1832,0.1002,Rejected
nati_mansuri,whole,5.032,2.489,2.021,9.838,0.7604,0.8995,0.5077,1.0957,1.2973,1.1865,0.1699,Grade A
nati_mansuri,foreign,5.55,2.316,2.397,10.095,0.3163,0.9818,0.5845,1.0676,1.2259,1.1561,0.1266,Common
nati_mansuri,discolored,5.008,1.988,2.519,7.82,0.5922,0.9372,0.6046,1.1374,1.3413,1.1328,0.1107,Rejected
nati_mansuri,chalky,4.628,2.348,1.971,8.534,0.8485,0.8176,0.4952,1.0868,1.1834,1.0809,0.169,Rejected
nati_mansuri,whole,5.113,2.204,2.32,8.851,0.6567,1.0,0.5708,1.0852,1.3488,1.1804,0.0846,Grade A
nati_mansuri,broken,5.159,2.458,2.099,9.958,0.7914,0.8706,0.5259,1.197,1.2128,1.1928,0.1397,Rejected
nati_mansuri,foreign,4.741,2.568,1.846,9.561,0.6295,0.8525,0.4613,1.1012,1.258,1.3826,0.1603,Rejected
nati_mansuri,chalky,4.661,2.089,2.231,7.646,0.512,0.8687,0.5538,1.1069,1.4042,1.2473,0.1469,Common
nati_mansuri,broken,4.624,2.644,1.749,9.6,0.6811,0.9157,0.4315,0.9671,1.2744,1.2302,0.108,Grade B
nati_mansuri,whole,4.298,2.512,1.711,8.478,0.6468,0.9006,0.419,1.0326,1.3202,1.3276,0.1634,Grade A
nati_mansuri,whole,4.506,2.527,1.783,8.944,0.6683,0.9887,0.4423,1.1484,1.0545,1.1198,0.1683,Grade B
nati_mansuri,whole,4.585,1.919,2.389,6.909,0.6912,1.0,0.5832,1.1483,1.4652,1.2329,0.1708,Grade B
nati_mansuri,discolored,4.736,2.507,1.89,9.324,0.8454,0.896,0.4736,1.0567,1.3011,1.2299,0.1639,Common
nati_mansuri,broken,4.316,2.682,1.609,9.092,0.6359,0.9067,0.3823,1.0458,1.5059,1.1945,0.1145,Common
nati_mansuri,broken,4.736,2.468,1.919,9.181,0.6175,0.8954,0.4816,0.9794,1.1841,1.2885,0.1892,Common
nati_mansuri,whole,4.746,2.251,2.108,8.391,0.7057,0.9138,0.5278,1.0871,1.3815,1.189,0.1614,Grade B
nati_mansuri,whole,4.47,2.029,2.203,7.125,0.7149,0.9114,0.5481,1.1052,1.2887,1.335,0.1001,Grade A
nati_mansuri,whole,4.672,2.363,1.977,8.672,0.7584,0.9842,0.4967,1.0096,1.2455,1.2057,0.1631,Grade B
nati_mansuri,whole,4.781,2.122,2.253,7.967,0.6436,0.8904,0.5581,1.1393,1.3106,1.1006,0.1269,Common
nati_mansuri,discolored,4.993,2.377,2.101,9.32,0.8626,0.9318,0.5263,1.0768,1.2167,1.195,0.0668,Rejected
nati_mansuri,chalky,4.737,2.259,2.097,8.404,0.5636,0.8736,0.5254,1.1486,1.3085,1.1861,0.1492,Rejected
nati_mansuri,whole,4.842,2.008,2.411,7.638,0.863,0.9385,0.5869,1.0646,1.1897,1.2038,0.1365,Grade B
nati_mansuri,whole,4.515,2.479,1.821,8.792,0.7925,0.9284,0.4539,1.1406,1.287,1.194,0.1749,Common
nati_mansuri,whole,5.26,1.827,2.879,7.548,0.9052,0.8347,0.6538,1.0624,1.2867,1.1712,0.1702,Grade A
nati_mansuri,whole,4.603,2.359,1.951,8.529,0.6935,0.9246,0.4902,1.067,1.2492,1.1972,0.1683,Grade A
nati_mansuri,chalky,5.009,2.293,2.184,9.022,0.783,0.8747,0.5442,0.9932,1.2474,1.134,0.1376,Common
nati_mansuri,whole,4.702,2.33,2.018,8.605,0.7158,0.9297,0.5069,1.0986,1.3308,1.1323,0.182,Grade A
nati_mansuri,discolored,4.864,2.13,2.284,8.136,0.7665,1.0,0.564,1.0528,1.3166,1.0747,0.1536,Rejected
nati_mansuri,whole,4.499,2.175,2.068,7.685,0.5899,0.9566,0.5189,1.1604,1.2919,1.1281,0.1877,Grade A
nati_mansuri,chalky,4.956,2.079,2.384,8.092,0.7989,0.9009,0.5822,1.1362,1.4021,1.1075,0.123,Rejected
nati_mansuri,damaged,4.576,2.181,2.098,7.839,0.7478,0.8911,0.5256,1.1092,1.1659,1.3129,0.0996,Rejected
nati_mansuri,whole,4.691,2.294,2.045,8.449,0.8913,0.8538,0.5134,1.219,1.3506,1.205,0.1105,Grade B
nati_mansuri,whole,5.231,2.106,2.484,8.651,0.6887,0.8922,0.599,1.0407,1.3493,1.2121,0.1763,Grade A
nati_mansuri,chalky,5.652,2.21,2.558,9.809,0.8895,0.9068,0.6106,1.0177,1.2655,1.2429,0.1149,Common
nati_mansuri,chalky,4.801,2.417,1.986,9.114,0.7238,0.944,0.4991,1.0741,1.3085,1.1244,0.1787,Common
nati_mansuri,whole,4.721,2.34,2.017,8.677,0.6505,0.8692,0.5067,0.9953,1.2056,1.1606,0.1464,Grade B
nati_mansuri,damaged,4.5,2.011,2.237,7.109,0.748,0.9892,0.555,1.176,1.3468,1.2183,0.1909,Rejected
nati_mansuri,whole,4.691,2.028,2.314,7.47,0.6316,0.9195,0.5696,1.1036,1.4441,1.1849,0.1754,Grade A
nati_mansuri,damaged,4.348,2.152,2.021,7.348,0.7527,0.9204,0.5076,1.1566,1.3045,1.1589,0.2044,Rejected
nati_mansuri,whole,4.664,2.442,1.91,8.944,0.7928,0.9304,0.4791,0.9587,1.2915,1.2538,0.1558,Grade B
nati_mansuri,whole,4.555,2.382,1.912,8.523,0.741,0.9807,0.4797,1.0913,1.3225,1.181,0.1104,Common
nati_mansuri,whole,4.033,2.386,1.69,7.558,0.7174,0.8891,0.4118,1.0028,1.3404,1.164,0.1567,Grade A
nati_mansuri,chalky,4.562,2.258,2.02,8.091,0.8455,0.8382,0.5075,1.2162,1.3009,1.1742,0.1341,Common
nati_mansuri,chalky,4.652,2.51,1.854,9.169,0.5931,0.9373,0.4634,1.0769,1.229,1.3352,0.1526,Rejected
nati_mansuri,damaged,4.317,2.65,1.629,8.986,0.4491,0.8816,0.3898,1.0725,1.3365,1.1931,0.135,Common
nati_mansuri,chalky,4.796,2.104,2.279,7.927,0.5503,0.9563,0.5631,1.1416,1.4168,1.1326,0.1608,Rejected
nati_mansuri,damaged,5.147,2.342,2.198,9.469,0.666,0.968,0.547,1.1388,1.2352,1.1003,0.1313,Common
nati_mansuri,whole,5.315,2.529,2.101,10.559,0.5888,0.8616,0.5264,1.1765,1.1991,1.2106,0.1215,Grade A
nati_mansuri,damaged,5.35,2.146,2.493,9.017,0.8143,0.9292,0.6005,1.1151,1.1324,1.0478,0.1334,Common
nati_mansuri,broken,4.884,2.075,2.354,7.959,0.5911,0.9481,0.5769,1.1338,1.279,1.2268,0.1048,Common
nati_mansuri,whole,4.823,2.325,2.074,8.808,0.9306,0.85,0.5202,1.1478,1.4231,1.1605,0.1658,Grade A
nati_mansuri,discolored,4.931,2.46,2.005,9.526,0.8121,0.9985,0.5036,1.096,1.3855,1.1595,0.1671,Rejected
nati_mansuri,broken,4.944,1.979,2.498,7.685,0.5876,0.9251,0.6013,0.9988,1.3565,1.2323,0.1498,Common
nati_mansuri,whole,5.493,2.329,2.358,10.049,0.7511,0.9301,0.5777,1.1318,1.2804,1.1779,0.1672,Grade B
nati_mansuri,discolored,4.765,2.064,2.309,7.724,0.8592,0.8906,0.5687,1.0134,1.3411,1.2847,0.1599,Rejected
nati_mansuri,foreign,5.281,2.125,2.485,8.815,0.6888,0.8974,0.5992,1.0299,1.2637,1.2465,0.157,Common
sonam,whole,7.09,1.822,3.891,10.146,0.7523,0.88,0.7437,1.1114,1.3454,1.2267,0.1696,Grade A
sonam,whole,6.738,1.743,3.865,9.226,1.0,0.9653,0.7419,1.1548,1.3113,1.1829,0.1561,Grade A
sonam,damaged,6.094,1.704,3.575,8.158,0.7207,0.908,0.7211,1.2187,1.2114,1.1649,0.2056,Rejected
sonam,broken,7.723,1.696,4.554,10.287,0.6901,0.9064,0.7809,1.0127,1.3052,1.2629,0.1762,Rejected
sonam,whole,7.079,1.744,4.06,9.694,0.6344,0.9835,0.7543,1.1002,1.3535,1.2198,0.2039,Grade B
sonam,broken,6.266,1.887,3.321,9.285,0.6936,0.8972,0.6998,1.1909,1.345,1.2131,0.1834,Common
sonam,chalky,6.445,1.899,3.395,9.611,0.8434,0.8511,0.7063,1.1094,1.4214,1.2794,0.1549,Common
sonam,whole,7.333,1.625,4.512,9.36,0.5796,0.9313,0.7788,1.1678,1.3061,1.2508,0.1387,Grade B
sonam,discolored,5.848,1.736,3.368,7.976,0.7063,0.9062,0.704,1.0605,1.1847,1.1792,0.1869,Common
sonam,whole,7.365,1.978,3.723,11.443,0.6184,0.8623,0.7321,1.1598,1.3808,1.234,0.0996,Grade A
sonam,whole,6.41,1.796,3.57,9.039,0.7487,0.9584,0.7207,1.1387,1.3565,1.2151,0.1806,Common
sonam,whole,6.679,1.812,3.686,9.507,0.7485,0.9334,0.7294,1.1528,1.4374,1.2259,0.1405,Grade B
sonam,whole,6.313,1.85,3.412,9.175,0.7516,0.8577,0.7078,1.107,1.2815,1.1808,0.1883,Common
sonam,whole,6.554,1.598,4.103,8.224,0.842,0.9496,0.7569,1.0876,1.3876,1.2058,0.1514,Grade B
sonam,whole,6.645,1.818,3.655,9.49,0.6501,0.9535,0.7271,1.2421,1.2697,1.1101,0.0999,Grade A
sonam,chalky,6.894,1.82,3.788,9.853,0.5397,0.8293,0.7367,1.1478,1.3408,1.1845,0.1103,Rejected
sonam,whole,6.925,1.673,4.14,9.099,0.7045,0.8517,0.759,1.1935,1.3365,1.1039,0.151,Common
sonam,whole,6.676,1.616,4.13,8.475,0.7567,0.8876,0.7585,1.0006,1.3003,1.2689,0.1484,Grade B
sonam,whole,6.952,1.781,3.904,9.724,0.6932,0.9068,0.7445,1.1119,1.3725,1.1539,0.1277,Grade A
sonam,whole,7.039,1.846,3.814,10.203,0.5942,0.9512,0.7385,1.123,1.3471,1.1514,0.1648,Grade A
sonam,discolored,7.13,1.569,4.544,8.789,0.7565,0.9542,0.7804,1.0772,1.2644,1.1966,0.1685,Common
sonam,broken,7.593,1.724,4.405,10.281,0.5285,0.9613,0.7735,1.231,1.3614,1.1447,0.1563,Grade B
sonam,whole,6.192,1.755,3.528,8.535,0.5996,0.9263,0.7174,1.108,1.3441,1.2113,0.1304,Common
sonam,whole,6.355,2.136,2.975,10.662,0.7476,0.9123,0.665,1.2149,1.4773,1.2013,0.1704,Grade A
sonam,damaged,6.71,1.828,3.671,9.633,0.7333,0.948,0.7284,1.1443,1.2331,1.1537,0.1436,Rejected
sonam,whole,6.277,1.746,3.594,8.609,0.7953,0.905,0.7225,1.1576,1.3188,1.2254,0.1531,Grade A
sonam,broken,7.1,1.568,4.527,8.745,0.6637,0.9348,0.7796,1.162,1.4494,1.1865,0.2044,Common
sonam,discolored,7.168,1.663,4.31,9.362,0.7307,0.9174,0.7685,1.1675,1.3121,1.1916,0.2011,Rejected
sonam,whole,6.699,2.05,3.268,10.785,0.6322,0.8893,0.6949,1.2215,1.2944,1.3061,0.1868,Grade A
sonam,whole,6.791,1.815,3.741,9.682,0.8167,0.9994,0.7334,1.0889,1.3941,1.2559,0.1922,Grade A
sonam,whole,6.73,1.627,4.137,8.598,0.6797,0.969,0.7589,1.1483,1.4218,1.2305,0.1211,Grade A
sonam,broken,6.704,1.653,4.054,8.706,0.5299,0.8833,0.754,1.1183,1.3833,1.2213,0.2082,Grade B
sonam,whole,6.821,1.904,3.582,10.202,0.6563,0.9736,0.7216,1.1477,1.2756,1.2093,0.1528,Grade B
sonam,whole,6.787,1.859,3.65,9.911,0.7033,0.9873,0.7268,1.1764,1.3294,1.223,0.1689,Grade A
sonam,whole,6.664,1.577,4.225,8.256,0.8278,0.917,0.7639,1.1184,1.4017,1.2353,0.1261,Grade A
sonam,whole,6.015,1.696,3.546,8.014,0.6816,0.9143,0.7188,1.0411,1.4221,1.2039,0.1611,Grade B
sonam,whole,7.005,1.745,4.015,9.601,0.6103,0.9487,0.7515,1.2195,1.388,1.2654,0.1444,Grade A
sonam,discolored,7.725,2.031,3.803,12.324,0.6664,0.8623,0.7377,1.0661,1.1953,1.2036,0.2082,Common
sonam,broken,7.419,1.739,4.265,10.135,0.9036,1.0,0.7661,1.1221,1.2838,1.2518,0.1496,Common
sonam,broken,7.347,1.823,4.03,10.522,0.5737,0.8585,0.7525,1.1364,1.29,1.1895,0.1907,Common
sonam,foreign,6.354,1.749,3.634,8.726,0.7759,0.9424,0.7256,1.2219,1.3636,1.3209,0.1762,Common
sonam,whole,7.278,1.751,4.155,10.012,0.7014,0.9655,0.7599,1.2268,1.3883,1.205,0.2013,Grade A
sonam,whole,7.107,1.802,3.944,10.059,0.7606,0.9232,0.7471,1.1643,1.2648,1.2442,0.1898,Grade B
sonam,whole,6.91,1.841,3.753,9.992,0.5477,0.8934,0.7343,1.1184,1.414,1.1733,0.1839,Grade A
sonam,whole,6.912,1.741,3.969,9.453,0.6571,0.8348,0.7487,1.1151,1.2916,1.179,0.1725,Common
sonam,whole,7.248,1.886,3.842,10.738,0.6705,0.8969,0.7404,1.1488,1.3759,1.2939,0.1957,Grade A
sonam,whole,7.102,1.96,3.623,10.934,0.7939,0.9168,0.7248,1.0548,1.2501,1.2264,0.1703,Grade A
sonam,whole,7.084,1.627,4.353,9.054,0.8105,0.9011,0.7708,1.2055,1.2873,1.1484,0.1463,Grade A
sonam,whole,6.703,1.85,3.623,9.74,0.6829,0.9167,0.7247,1.0274,1.3613,1.2046,0.2083,Grade A
sonam,foreign,7.078,1.852,3.822,10.295,0.5992,0.8435,0.739,1.2222,1.4431,1.0608,0.1463,Rejected
sonam,whole,7.549,1.729,4.367,10.249,0.6509,0.9059,0.7715,1.0627,1.1936,1.2732,0.1047,Grade A
sonam,whole,6.911,1.933,3.575,10.492,0.5549,0.8738,0.7211,1.2028,1.3726,1.173,0.1961,Grade B
sonam,whole,6.395,1.738,3.68,8.729,0.7286,0.9106,0.729,1.1863,1.2076,1.1203,0.1654,Grade A
sonam,whole,6.004,1.803,3.33,8.502,0.6947,0.9527,0.7006,1.1341,1.3194,1.2806,0.1206,Grade B
sonam,whole,6.423,1.618,3.969,8.162,0.7782,0.9167,0.7487,1.1292,1.2415,1.192,0.1371,Grade B
sonam,whole,7.398,1.549,4.777,8.999,0.6193,1.0,0.7911,1.1039,1.2248,1.2231,0.1457,Grade A
sonam,whole,8.046,1.762,4.566,11.136,0.5074,0.9947,0.7814,1.1667,1.2687,1.154,0.1802,Grade A
sonam,whole,7.604,1.735,4.383,10.361,0.8496,0.9839,0.7724,1.0699,1.4127,1.1709,0.104,Common
sonam,whole,6.609,1.86,3.554,9.653,0.6537,0.9046,0.7194,1.1986,1.3385,1.1594,0.1811,Grade A
sonam,whole,6.993,1.859,3.762,10.209,0.702,0.9646,0.7349,1.0897,1.3569,1.116,0.1722,Grade B
sonam,broken,6.458,1.693,3.813,8.59,0.713,0.8668,0.7385,1.1553,1.3977,1.2421,0.1069,Common
sonam,whole,7.174,1.856,3.865,10.456,0.722,0.9716,0.742,1.2454,1.2538,1.2747,0.1574,Grade A
sonam,whole,6.672,1.65,4.043,8.648,0.6536,0.8651,0.7532,1.1031,1.2975,1.2158,0.1116,Grade A
sonam,whole,6.441,1.961,3.284,9.921,0.7225,0.9503,0.6964,1.2146,1.3052,1.1755,0.1862,Common
sonam,whole,7.426,1.768,4.2,10.313,0.7033,0.9211,0.7625,1.0739,1.3362,1.2938,0.1733,Grade A
sonam,whole,6.814,1.776,3.837,9.503,0.7331,0.9575,0.7401,1.1666,1.3035,1.2295,0.1744,Grade A
sonam,foreign,5.827,1.872,3.112,8.57,0.766,0.9574,0.6797,1.1063,1.3547,1.2954,0.2024,Common
sonam,whole,7.3,1.575,4.635,9.029,0.6677,0.9868,0.7847,1.1885,1.3595,1.1197,0.1585,Grade A
sonam,whole,6.535,1.85,3.533,9.493,0.6191,0.8687,0.7177,1.0061,1.4277,1.186,0.1647,Grade A
sonam,chalky,6.233,1.649,3.78,8.074,0.6277,0.9383,0.7361,1.0823,1.4697,1.2716,0.1843,Rejected
sonam,whole,6.702,1.795,3.733,9.45,0.717,0.9551,0.7328,1.1682,1.292,1.178,0.1792,Common
sonam,chalky,7.122,1.741,4.091,9.738,0.5413,0.9096,0.7561,1.1674,1.4744,1.1381,0.1472,Rejected
sonam,foreign,6.784,1.664,4.077,8.866,0.7559,0.8998,0.7553,1.0565,1.2586,1.314,0.1715,Common
sonam,foreign,6.848,1.763,3.886,9.48,0.7292,0.934,0.7433,1.1475,1.3392,1.2621,0.1607,Rejected
sonam,whole,6.36,1.708,3.723,8.532,0.5021,1.0,0.7321,1.1818,1.2636,1.1931,0.1409,Grade B
sonam,whole,6.852,1.784,3.841,9.598,0.7827,0.9148,0.7403,1.0245,1.3099,1.1517,0.1624,Grade B
sonam,whole,6.44,1.717,3.75,8.685,0.6618,0.957,0.7341,1.1196,1.3633,1.1725,0.1669,Grade B
sonam,damaged,7.152,1.808,3.956,10.154,0.8045,0.9099,0.7478,1.1529,1.3268,1.2042,0.1678,Rejected
sonam,whole,7.042,1.613,4.367,8.918,0.8434,0.827,0.7715,1.0889,1.3225,1.2347,0.2073,Grade A
sonam,whole,5.843,1.805,3.238,8.282,0.7272,0.9995,0.6921,1.1372,1.4135,1.245,0.1469,Grade A
sonam,chalky,6.129,1.994,3.073,9.599,0.6838,0.9798,0.6756,1.1012,1.3515,1.2226,0.1586,Common
sonam,whole,6.383,1.619,3.944,8.115,0.8243,0.9564,0.7471,1.134,1.4632,1.1939,0.1997,Grade B
sonam,whole,7.632,1.949,3.916,11.68,0.6879,0.9564,0.7453,1.1058,1.3963,1.0665,0.1294,Common
sonam,whole,7.241,1.763,4.108,10.023,0.7208,0.8527,0.7572,1.2409,1.4252,1.198,0.1479,Grade B
sonam,broken,7.229,2.126,3.401,12.07,0.6078,0.879,0.7068,1.0587,1.3653,1.2205,0.1554,Common
sonam,whole,6.113,1.71,3.574,8.213,0.782,0.8966,0.721,1.0821,1.4115,1.1326,0.151,Grade B
sonam,whole,7.152,1.715,4.171,9.632,0.8409,0.9137,0.7608,1.1703,1.3897,1.1723,0.0984,Common
sonam,whole,7.05,1.766,3.992,9.779,0.657,1.0,0.7501,1.0417,1.3887,1.1755,0.1499,Grade A
sonam,whole,7.057,2.009,3.513,11.133,0.747,0.9252,0.7162,1.0708,1.3713,1.3394,0.1486,Grade A
sonam,whole,6.631,1.716,3.864,8.936,0.6511,0.7827,0.7419,1.1543,1.2624,1.1134,0.1826,Grade A
sonam,damaged,6.313,1.749,3.609,8.673,0.8466,0.8495,0.7237,1.038,1.3515,1.279,0.1128,Rejected
sonam,whole,5.873,1.92,3.059,8.856,0.7877,0.9044,0.6742,1.2051,1.4209,1.2162,0.1465,Grade A
sonam,whole,7.056,1.751,4.029,9.706,0.4802,0.9834,0.7524,1.1414,1.2996,1.2614,0.2057,Grade A
sonam,whole,6.158,1.875,3.285,9.068,0.7128,0.9518,0.6965,1.1,1.1801,1.183,0.1722,Grade B
sonam,whole,7.262,1.703,4.265,9.712,0.7362,0.8945,0.7661,1.1409,1.4014,1.1364,0.1396,Grade A
sonam,chalky,6.412,2.106,3.044,10.605,0.9004,0.9151,0.6726,1.1121,1.2746,1.2059,0.1178,Rejected
sonam,whole,6.525,1.764,3.699,9.039,0.5299,0.9387,0.7304,1.1459,1.3351,1.197,0.1512,Common
sonam,whole,6.942,1.832,3.789,9.989,0.8123,0.9538,0.7367,1.1416,1.4515,1.2352,0.1991,Grade B
sonam,whole,7.387,1.82,4.058,10.561,0.6948,0.9341,0.7542,1.1093,1.3482,1.1745,0.1982,Grade A
sonam,broken,6.384,1.84,3.469,9.227,0.7187,0.9394,0.7125,1.0684,1.2019,1.2475,0.2045,Common
sonam,whole,6.928,1.799,3.851,9.788,0.6602,0.8508,0.741,1.1893,1.268,1.1632,0.1898,Grade A
sonam,whole,5.953,1.571,3.788,7.347,0.6982,0.9347,0.7367,1.1591,1.3059,1.3618,0.1532,Grade A
sonam,whole,6.856,1.892,3.623,10.189,0.8204,0.8455,0.7248,1.1152,1.3657,1.2452,0.1602,Grade B
sonam,whole,7.501,1.949,3.849,11.482,0.5655,0.8662,0.7409,1.0672,1.3842,1.1329,0.1501,Common
sonam,discolored,7.005,1.79,3.913,9.848,0.7259,0.8667,0.7451,1.1657,1.2809,1.1905,0.1671,Common
sonam,broken,6.846,1.804,3.796,9.698,0.6249,0.905,0.7373,1.1301,1.22,1.1822,0.1716,Common
sonam,whole,7.371,1.613,4.569,9.34,0.8358,0.9128,0.7816,1.1551,1.2903,1.2654,0.1722,Grade A
sonam,whole,6.143,1.828,3.36,8.82,0.7572,0.9525,0.7033,1.1229,1.2374,1.1691,0.1946,Grade A
sonam,whole,6.316,1.85,3.413,9.179,0.6542,0.9723,0.7079,1.1764,1.2903,1.2024,0.1435,Grade A
sonam,whole,6.889,1.849,3.726,10.003,0.7149,0.9049,0.7324,1.186,1.3351,1.2522,0.1068,Grade A
sonam,chalky,6.159,1.768,3.483,8.553,0.6698,0.9994,0.7137,1.154,1.3433,1.2602,0.1711,Common
sonam,foreign,6.301,1.848,3.409,9.147,0.5452,0.9302,0.7075,1.1416,1.4641,1.1161,0.142,Common
sonam,whole,7.17,1.85,3.875,10.42,0.718,0.8722,0.7426,1.0946,1.4296,1.2069,0.1713,Grade A
sonam,whole,7.22,1.875,3.85,10.635,0.9306,0.8692,0.7409,1.1794,1.2251,1.2194,0.1893,Common
sonam,whole,5.868,1.769,3.316,8.153,0.6437,0.8849,0.6994,1.1531,1.4197,1.202,0.1662,Grade A
sonam,whole,6.851,1.8,3.806,9.687,0.5911,0.9754,0.7379,1.1477,1.3616,1.1616,0.1462,Grade A
sonam,whole,6.04,1.71,3.533,8.112,0.7523,0.8873,0.7177,1.0689,1.2648,1.1827,0.1494,Grade B
sonam,whole,7.261,1.975,3.676,11.265,0.6001,0.8589,0.7287,1.0636,1.4368,1.1772,0.1225,Grade A
sonam,chalky,6.921,1.838,3.766,9.989,0.6172,0.9543,0.7352,1.0916,1.3175,1.2512,0.1407,Common
sonam,whole,6.414,1.742,3.681,8.777,0.7556,1.0,0.7291,1.1663,1.3678,1.2418,0.1278,Common
sonam,whole,6.945,1.817,3.821,9.913,0.738,0.9044,0.739,1.1335,1.2318,1.1908,0.2017,Common
sonam,whole,7.653,1.596,4.796,9.593,0.5891,1.0,0.7919,1.1328,1.3106,1.138,0.1734,Grade B
sonam,whole,6.737,1.75,3.85,9.258,0.7256,0.864,0.741,1.2051,1.4033,1.1882,0.1535,Grade A
sonam,whole,6.6,1.759,3.751,9.121,0.8613,0.9673,0.7341,1.1861,1.3596,1.143,0.1588,Grade B
sonam,broken,7.086,2.148,3.298,11.957,0.8062,0.9907,0.6977,1.1431,1.4074,1.1669,0.1839,Rejected
sonam,whole,7.392,1.719,4.3,9.981,0.6813,0.9248,0.768,1.0682,1.3482,1.1069,0.1914,Grade A
sonam,discolored,6.425,1.765,3.64,8.905,0.7688,0.9474,0.7261,1.0877,1.2623,1.2494,0.1383,Rejected
sonam,whole,6.94,1.929,3.598,10.514,0.5737,0.8244,0.7229,1.096,1.4741,1.3313,0.2149,Grade A
sonam,damaged,5.746,1.708,3.364,7.707,0.6802,0.985,0.7036,1.1821,1.3482,1.1566,0.1312,Rejected
sonam,whole,6.976,1.645,4.241,9.012,0.7651,0.9413,0.7648,1.0658,1.2673,1.2513,0.153,Grade B
ir64,whole,5.405,1.998,2.705,8.483,0.7063,0.8836,0.6317,1.0552,1.3561,1.2407,0.1681,Grade B
ir64,whole,6.27,1.847,3.395,9.094,0.5987,0.832,0.7063,1.0833,1.2597,1.2216,0.1573,Grade A
ir64,broken,5.451,1.698,3.21,7.27,0.6019,0.8815,0.6895,1.196,1.3153,1.2297,0.105,Common
ir64,whole,4.801,1.88,2.553,7.089,0.7496,0.9522,0.6099,1.0693,1.2756,1.1542,0.1533,Grade B
ir64,whole,6.0,1.867,3.214,8.799,0.6152,0.9609,0.6898,1.1653,1.3681,1.1111,0.136,Common
ir64,broken,5.171,2.078,2.488,8.438,0.6285,1.0,0.5997,1.2027,1.3483,1.2717,0.1519,Common
ir64,whole,5.698,1.957,2.912,8.757,0.5295,0.9158,0.6578,1.1594,1.3757,1.2203,0.1338,Grade A
ir64,whole,5.478,1.947,2.814,8.376,0.7619,1.0,0.6459,1.1174,1.2827,1.1744,0.1537,Grade A
ir64,whole,5.78,2.036,2.84,9.242,0.7458,0.9417,0.6491,1.0037,1.3509,1.1497,0.1171,Grade A
ir64,whole,5.511,1.714,3.215,7.419,0.7478,0.848,0.6899,1.1184,1.3191,1.2431,0.2035,Grade A
ir64,whole,5.489,2.074,2.647,8.941,0.7216,0.9024,0.6237,1.0835,1.2107,1.2493,0.1638,Common
ir64,whole,5.337,1.817,2.938,7.615,0.7359,0.868,0.6608,1.2209,1.1954,1.2064,0.197,Common
ir64,whole,5.213,1.765,2.953,7.226,0.777,0.9953,0.6625,1.0837,1.2089,1.0425,0.1206,Common
ir64,whole,5.555,2.272,2.445,9.911,0.7673,0.9353,0.5927,1.086,1.2533,1.2743,0.156,Common
ir64,broken,4.759,1.885,2.524,7.047,0.6142,0.8927,0.6054,1.1438,1.2914,1.1854,0.1894,Common
ir64,whole,5.331,2.015,2.646,8.438,0.6719,0.9262,0.6234,1.1367,1.3347,1.1448,0.1163,Grade B
ir64,whole,5.88,1.727,3.405,7.974,0.672,0.9136,0.7072,1.1384,1.0822,1.2,0.1155,Grade B
ir64,discolored,5.258,1.953,2.692,8.067,0.5948,0.8962,0.6298,1.0384,1.1533,1.2511,0.1111,Rejected
ir64,discolored,5.354,1.86,2.879,7.82,0.7226,0.9759,0.6539,1.0398,1.288,1.0861,0.1382,Rejected
ir64,chalky,5.614,1.855,3.027,8.177,0.6543,0.8496,0.6707,1.1146,1.3845,1.1242,0.1313,Rejected
ir64,whole,5.003,1.971,2.538,7.746,0.7283,0.9149,0.6075,0.9614,1.3401,1.2812,0.1535,Grade A
ir64,whole,6.308,2.155,2.928,10.675,0.764,0.9378,0.6596,1.0703,1.284,1.1853,0.1665,Grade B
ir64,discolored,5.032,2.038,2.469,8.055,0.7737,0.9509,0.5966,1.0722,1.5331,1.1134,0.1175,Rejected
ir64,whole,5.693,2.36,2.413,10.552,0.6164,0.9067,0.5872,1.1746,1.2986,1.1699,0.167,Grade B
ir64,foreign,5.709,2.175,2.625,9.753,0.8291,0.9354,0.6204,1.1275,1.3171,1.2193,0.1517,Common
ir64,whole,5.6,2.203,2.541,9.691,0.8516,0.8446,0.6081,1.1106,1.2449,1.1713,0.1621,Common
ir64,whole,4.835,1.836,2.633,6.971,0.7896,0.783,0.6217,1.1812,1.3417,1.269,0.144,Grade A
ir64,whole,6.11,2.157,2.832,10.352,0.6337,0.9243,0.6482,1.078,1.2345,1.2473,0.1141,Grade B
ir64,whole,5.242,1.812,2.893,7.462,0.551,0.9273,0.6555,1.1797,1.2852,1.0997,0.1752,Grade B
ir64,chalky,5.409,2.088,2.591,8.868,0.8622,0.894,0.6155,1.0301,1.3505,1.2379,0.1502,Common
ir64,damaged,5.811,1.869,3.109,8.532,0.7049,0.8524,0.6793,1.1512,1.279,1.1639,0.149,Rejected
ir64,whole,5.836,1.973,2.958,9.046,0.7764,0.94,0.663,1.0844,1.29,1.1811,0.1652,Grade B
ir64,chalky,5.453,1.934,2.82,8.282,0.8969,0.967,0.6467,1.0644,1.3457,1.1971,0.1617,Rejected
ir64,whole,5.738,1.989,2.884,8.966,0.8042,0.9317,0.6545,1.1173,1.3251,1.1844,0.1503,Grade A
ir64,whole,5.365,1.872,2.866,7.89,0.6001,0.8504,0.6523,1.0572,1.2861,1.1962,0.1419,Grade A
ir64,foreign,6.035,2.076,2.907,9.838,0.8907,0.8711,0.6572,1.2233,1.2228,1.2043,0.1118,Rejected
ir64,whole,5.538,2.121,2.611,9.227,0.7099,0.8939,0.6184,1.076,1.3649,1.1508,0.1775,Common
ir64,whole,6.089,1.716,3.548,8.208,0.8133,1.0,0.7189,1.1251,1.3479,1.2522,0.1417,Grade A
ir64,whole,5.655,2.085,2.713,9.26,0.7516,0.9733,0.6327,1.0635,1.2574,1.3037,0.1455,Grade A
ir64,whole,5.68,1.989,2.856,8.871,0.6178,1.0,0.6511,1.0783,1.2098,1.163,0.0899,Grade A
ir64,whole,5.847,1.886,3.101,8.659,0.7888,0.9899,0.6786,1.1569,1.2828,1.1985,0.1043,Grade A
ir64,whole,5.878,2.437,2.412,11.252,0.75,0.8204,0.587,1.0883,1.3098,1.1952,0.1281,Grade A
ir64,broken,5.698,1.789,3.185,8.005,0.6055,0.9523,0.6871,1.0491,1.3431,1.1078,0.2029,Rejected
ir64,whole,5.29,1.962,2.696,8.152,0.7331,0.8917,0.6305,1.1186,1.346,1.2476,0.1737,Grade A
ir64,whole,5.531,1.975,2.801,8.58,0.9349,0.9675,0.6442,1.0547,1.308,1.1699,0.1459,Grade A
ir64,broken,6.325,2.098,3.014,10.424,0.4509,0.9808,0.6693,1.1754,1.2713,1.233,0.1242,Common
ir64,whole,5.491,1.682,3.264,7.255,0.6937,0.9161,0.6946,1.1819,1.3011,1.1647,0.1814,Grade B
ir64,whole,6.062,2.033,2.982,9.679,0.7003,0.9289,0.6658,1.0458,1.2578,1.1902,0.1442,Grade B
ir64,whole,5.942,2.002,2.969,9.341,0.8056,0.9399,0.6643,1.1108,1.2989,1.1327,0.1652,Common
ir64,chalky,5.584,1.915,2.916,8.397,0.8106,0.8575,0.6583,1.0847,1.3822,1.2089,0.1486,Rejected
ir64,chalky,4.993,1.941,2.573,7.611,0.8617,0.887,0.6129,1.0909,1.2567,1.1848,0.1325,Common
ir64,broken,5.795,2.034,2.85,9.255,0.7774,0.8675,0.6503,1.0896,1.2819,1.2173,0.1262,Common
ir64,whole,5.204,1.917,2.716,7.834,0.6468,1.0,0.6331,1.0842,1.4342,1.114,0.1203,Grade A
ir64,whole,5.493,1.88,2.922,8.108,0.6181,0.9779,0.659,1.1834,1.3759,1.2214,0.1528,Grade B
ir64,whole,5.401,1.838,2.939,7.797,0.7363,0.8613,0.6609,1.0504,1.3922,1.304,0.1618,Common
ir64,whole,5.065,2.104,2.407,8.37,0.7569,0.9236,0.5863,1.0955,1.377,1.1309,0.1268,Grade A
ir64,whole,5.165,1.884,2.742,7.641,0.6294,0.907,0.6366,1.0208,1.307,1.2648,0.1541,Grade B
ir64,whole,5.911,2.013,2.937,9.344,0.7023,0.9582,0.6607,1.0865,1.1494,1.2195,0.1161,Grade A
ir64,broken,5.562,1.76,3.16,7.688,0.7165,0.9683,0.6846,1.0423,1.4018,1.0964,0.2135,Grade B
ir64,whole,4.843,1.989,2.434,7.567,0.7228,0.9157,0.5909,1.0762,1.2243,1.2578,0.1509,Grade B
ir64,whole,5.426,2.139,2.537,9.114,0.5377,0.8593,0.6074,1.1758,1.2062,1.0809,0.2061,Grade A
ir64,whole,5.628,1.522,3.697,6.728,0.6733,0.9424,0.7302,1.1313,1.3723,1.1668,0.1714,Grade A
ir64,damaged,5.081,1.751,2.901,6.989,0.801,0.8443,0.6565,1.1264,1.2787,1.1838,0.1909,Common
ir64,whole,5.615,1.974,2.844,8.706,0.93,0.8479,0.6496,1.1873,1.3525,1.1612,0.1989,Grade A
ir64,whole,5.117,2.07,2.472,8.319,0.5887,0.9417,0.5971,1.0988,1.2617,1.2133,0.1419,Grade A
ir64,whole,5.165,2.476,2.086,10.044,0.6513,0.8091,0.5228,1.0595,1.1986,1.2396,0.1596,Grade B
ir64,damaged,5.488,1.937,2.833,8.349,0.6919,0.9618,0.6483,1.1302,1.34,1.22,0.1765,Rejected
ir64,whole,6.076,1.887,3.22,9.004,0.6144,0.8607,0.6904,1.121,1.1517,1.2177,0.1467,Grade B
ir64,whole,5.519,2.191,2.519,9.496,0.8383,0.886,0.6046,1.1209,1.3236,1.2124,0.1421,Grade B
ir64,broken,5.432,2.076,2.616,8.857,0.7457,0.9876,0.6192,1.1819,1.2772,1.268,0.1286,Common
ir64,whole,6.086,2.018,3.016,9.646,0.6668,0.8436,0.6695,1.1286,1.2108,1.1424,0.1143,Grade A
ir64,whole,5.709,1.898,3.008,8.511,0.8069,0.9096,0.6687,1.0627,1.3181,1.3078,0.1601,Grade A
ir64,whole,5.512,2.04,2.702,8.832,0.6612,0.8367,0.6313,1.059,1.4164,1.276,0.1234,Grade B
ir64,whole,6.162,2.042,3.018,9.881,0.795,0.8342,0.6697,1.1507,1.2994,1.2411,0.1774,Grade A
ir64,chalky,5.912,1.99,2.971,9.239,0.6127,0.874,0.6646,1.0214,1.2592,1.2562,0.1553,Common
ir64,whole,5.267,2.016,2.612,8.34,0.682,0.959,0.6187,1.0154,1.232,1.0917,0.1422,Grade B
ir64,damaged,5.396,2.148,2.512,9.104,0.8069,0.9156,0.6035,1.1511,1.2138,1.2727,0.2145,Common
ir64,whole,5.808,1.646,3.53,7.507,0.6442,0.9506,0.7175,1.0847,1.4018,1.2253,0.1288,Grade A
ir64,discolored,5.527,1.906,2.9,8.272,0.8175,1.0,0.6564,1.0241,1.1461,1.1753,0.1044,Rejected
ir64,whole,5.618,2.127,2.641,9.387,0.8494,0.9301,0.6228,1.0984,1.1417,1.1916,0.1521,Grade A
ir64,whole,5.856,1.88,3.115,8.644,0.6565,0.8461,0.68,0.9725,1.2113,1.0958,0.1601,Common
ir64,whole,5.393,1.908,2.826,8.083,0.6016,0.7584,0.6473,1.2005,1.22,1.1653,0.1064,Common
ir64,chalky,5.269,1.933,2.726,8.001,0.8678,0.9164,0.6344,1.0991,1.2247,1.0763,0.1452,Rejected
ir64,broken,4.701,1.809,2.599,6.678,0.6419,0.9198,0.6167,1.1013,1.2903,1.2145,0.1229,Rejected
ir64,whole,5.472,2.272,2.408,9.765,0.8556,0.9666,0.5865,0.9289,1.4263,1.2377,0.2102,Grade B
ir64,whole,5.951,2.229,2.67,10.42,0.8994,0.9308,0.6268,1.0157,1.2754,1.2134,0.1522,Grade A
ir64,damaged,5.304,2.137,2.481,8.903,0.858,0.9658,0.5986,1.1734,1.2935,1.0855,0.1363,Rejected
ir64,discolored,5.496,1.916,2.869,8.269,0.7055,0.9421,0.6527,1.1612,1.2778,1.0758,0.1355,Rejected
ir64,whole,5.617,2.208,2.544,9.741,0.6432,0.9456,0.6085,1.1274,1.3035,1.2458,0.1302,Grade A
ir64,discolored,5.344,2.086,2.561,8.757,0.6287,0.9313,0.6111,1.104,1.3172,1.1624,0.1398,Rejected
ir64,chalky,5.598,2.29,2.445,10.069,0.6009,0.9168,0.5926,1.0156,1.3298,1.1231,0.1417,Common
ir64,whole,5.379,1.899,2.833,8.022,0.8436,0.9342,0.6482,1.0763,1.2799,1.2887,0.1429,Grade A
ir64,broken,5.38,1.899,2.833,8.024,0.572,0.8638,0.6483,1.0602,1.3473,1.1671,0.1438,Common
ir64,whole,5.487,1.893,2.899,8.157,0.6136,0.9546,0.6562,1.0977,1.2691,1.1412,0.1269,Grade B
ir64,whole,5.998,1.909,3.142,8.994,0.685,0.8532,0.6827,1.1093,1.2737,1.187,0.1942,Grade B
ir64,chalky,5.315,2.101,2.53,8.772,0.8299,0.9341,0.6063,1.1513,1.3488,1.2751,0.0915,Rejected
ir64,whole,5.065,1.849,2.738,7.356,0.6149,0.8836,0.6362,1.0811,1.3194,1.2419,0.1824,Grade A
ir64,whole,6.126,2.11,2.904,10.152,0.7083,0.9437,0.6568,1.1082,1.342,1.1698,0.1581,Grade A
ir64,broken,5.329,1.936,2.752,8.105,0.6073,0.8933,0.638,1.0191,1.3439,1.185,0.0988,Grade B
ir64,whole,5.383,1.882,2.861,7.954,0.6925,0.9372,0.6517,1.0238,1.344,1.142,0.1495,Grade A
ir64,whole,5.191,1.951,2.66,7.955,0.8625,0.8519,0.6254,1.2115,1.2792,1.1921,0.1174,Grade A
ir64,foreign,5.182,1.964,2.638,7.995,0.6593,1.0,0.6223,1.04,1.3082,1.2049,0.1179,Common
ir64,broken,5.875,1.932,3.04,8.916,0.4508,0.953,0.6722,1.043,1.2162,1.2313,0.1396,Common
ir64,whole,5.342,2.135,2.502,8.957,0.6245,1.0,0.602,1.0684,1.3821,1.2406,0.1595,Grade A
ir64,whole,4.739,2.038,2.325,7.585,0.735,0.9267,0.5717,0.9316,1.1987,1.1451,0.1587,Common
ir64,whole,5.854,1.826,3.207,8.393,0.761,0.9437,0.6891,1.1327,1.2854,1.2998,0.1648,Grade A
ir64,chalky,5.901,1.9,3.106,8.806,0.8089,0.9391,0.6791,0.9695,1.324,1.1656,0.1661,Common
ir64,whole,5.978,2.033,2.94,9.545,0.8665,0.9111,0.661,1.1475,1.3644,1.1842,0.1734,Grade A
ir64,whole,5.362,1.928,2.781,8.12,0.5688,0.9321,0.6417,1.1295,1.3943,1.2375,0.1415,Common
ir64,whole,5.129,2.074,2.473,8.353,0.8111,0.9578,0.5973,1.1751,1.283,1.162,0.1279,Grade A
ir64,whole,5.683,1.978,2.873,8.828,0.6866,0.8812,0.6531,1.1665,1.3061,1.1795,0.1276,Grade A
ir64,broken,5.822,1.724,3.377,7.883,0.7763,0.9661,0.7048,1.1175,1.4278,1.203,0.1075,Rejected
ir64,whole,5.359,2.098,2.555,8.828,0.5332,0.9695,0.6101,1.0573,1.2212,1.1832,0.163,Grade A
ir64,whole,5.666,1.874,3.024,8.338,0.6494,0.8633,0.6704,1.0965,1.386,1.1897,0.1758,Grade B
ir64,whole,5.525,2.369,2.332,10.281,0.8444,0.8364,0.5731,1.1332,1.3,1.2396,0.1277,Grade A
ir64,damaged,5.371,2.139,2.512,9.022,0.5819,0.8889,0.6034,1.0027,1.3806,1.2663,0.1402,Common
ir64,whole,6.19,2.069,2.991,10.061,0.6302,0.8391,0.6668,1.0431,1.3059,1.1507,0.1558,Grade A
ir64,whole,5.129,2.266,2.264,9.127,0.7889,1.0,0.5602,1.1424,1.2656,1.2694,0.149,Common
ir64,whole,4.421,2.273,1.945,7.892,0.7491,0.9365,0.4886,1.1063,1.3131,1.1542,0.1685,Grade A
ir64,whole,5.825,1.966,2.962,8.995,0.7371,0.8704,0.6636,1.0521,1.3189,1.2307,0.0938,Grade B
ir64,whole,5.523,1.772,3.116,7.688,0.6148,0.9683,0.6801,1.112,1.2694,1.183,0.1647,Common
ir64,whole,6.037,2.165,2.789,10.265,0.7413,0.9227,0.6427,1.1494,1.3251,1.2536,0.177,Grade A
ir64,whole,5.32,2.166,2.456,9.049,0.5424,0.9397,0.5945,1.1318,1.393,1.2008,0.1097,Grade A
ir64,broken,5.385,1.969,2.735,8.327,0.5835,0.9935,0.6357,1.0305,1.4077,1.2611,0.1769,Grade B
ir64,whole,5.089,2.155,2.362,8.613,0.6926,0.8995,0.5784,1.0366,1.1018,1.1277,0.1834,Grade A
ir64,broken,5.862,2.307,2.541,10.622,0.8325,0.8714,0.608,0.9934,1.4888,1.3261,0.1557,Grade B
ir64,damaged,5.557,1.981,2.805,8.645,0.7894,0.9367,0.6448,1.0389,1.274,1.2297,0.1653,Rejected
ir64,chalky,5.455,2.03,2.687,8.699,0.3624,0.8975,0.6292,1.1558,1.2688,1.162,0.1188,Common
ir64,damaged,6.001,2.093,2.867,9.866,0.7825,0.8337,0.6524,1.1004,1.2776,1.1732,0.1315,Common
ir64,whole,4.835,2.302,2.1,8.742,0.7484,0.9179,0.5261,1.1644,1.1839,1.1501,0.1464,Grade B
